timestamp;Stang velocity;Stang force;Stang power;Stang position;Gulv stor sway X;Gulv stor sway Y;Gulv stor Newton;Gulv h sway X;Gulv h sway Y;Gulv h Newton;Gulv v sway X;Gulv v sway Y;Gulv v Newton
-500;-0,1289557;1575,54197404079;-203,17513073992;0,02807853;0,00000;0,00000;5,763888;126,09110;36,13359;643,99240;92,10223;100,42890;810,67130
-495;-0,1268866;1538,23575812766;-195,181476907442;0,02743664;0,00000;0,00000;9,524488;126,59230;36,11476;643,99600;92,53727;100,52010;811,83010
-490;-0,1289942;1530,4233144321;-197,415705159823;0,02679473;0,00000;0,00000;3,194489;127,07100;36,06843;644,65770;93,01737;100,64470;814,81290
-485;-0,132172;1540,61959716238;-203,626731846128;0,02613451;0,00000;0,00000;4,192689;127,52410;35,99961;644,98580;93,53186;100,79940;814,95970
-480;-0,1341855;1560,5875484729;-209,408256438201;0,02547425;0,00000;0,00000;2,331389;127,94970;35,91436;647,48250;94,06821;100,97970;817,77710
-475;-0,1342625;1583,87065370682;-212,654390382043;0,02479568;0,00000;0,00000;3,545589;128,34690;35,81949;648,14670;94,61322;101,17990;819,41850
-470;-0,1306372;1606,88939595572;-209,91957703634;0,02413543;0,00000;0,00000;5,448389;128,71550;35,72214;649,64420;95,15424;101,39390;821,40200
-465;-0,1238655;1627,21841564445;-201,556289084215;0,02353022;0,00000;0,00000;3,531489;129,05580;35,62935;651,13680;95,68034;101,61560;821,22870
-460;-0,1148965;1643,69038899778;-188,854219727794;0,02294333;0,00000;0,00000;2,839989;129,36800;35,54763;651,63100;96,18336;101,83870;823,86830
-455;-0,1110233;1655,89333839013;-183,842679240116;0,02239314;0,00000;0,00000;4,051689;129,65220;35,48256;651,79760;96,65866;102,05780;822,05560
-450;-0,1117928;1664,04974678207;-186,028732697681;0,02184294;0,00000;0,00000;4,046789;129,90840;35,43846;652,12620;97,10548;102,26810;824,86270
-445;-0,114982;1668,70186582064;-191,870629172997;0,02125606;0,00000;0,00000;7,129688;130,13600;35,41808;652,45070;97,52689;102,46590;824,86570
-440;-0,1188723;1670,52707725342;-198,579358950342;0,02066918;0,00000;0,00000;0,9318888;130,33460;35,42249;652,78310;97,92952;102,64860;825,84910
-435;-0,1161362;1670,30019709939;-193,982381215591;0,02008229;0,00000;0,00000;2,157789;130,50370;35,45097;653,11570;98,32269;102,81480;826,01340
-430;-0,1099545;1668,74416772468;-183,485926405752;0,0195321;0,00000;0,00000;2,819289;130,64300;35,50116;652,44540;98,71761;102,96400;827,16380
-425;-0,100917;1666,49343098072;-168,177556853006;0,01903692;0,00000;0,00000;4,072989;130,75310;35,56916;652,10680;99,12618;103,09690;827,17100
-420;-0,09233271;1664,06080785091;-153,647241287275;0,01856008;0,00000;0,00000;6,813989;130,83550;35,64986;651,43820;99,56004;103,21480;828,65010
-415;-0,08731379;1661,81746523009;-145,099584532928;0,01813826;0,00000;0,00000;8,377089;130,89290;35,73729;651,10300;100,02940;103,31970;830,94160
-410;-0,08687773;1659,99554053851;-144,216653359561;0,01769809;0,00000;0,00000;7,847089;130,92890;35,82501;651,59660;100,54250;103,41360;830,78000
-405;-0,08820301;1658,69348607751;-146,301746543758;0,01725794;0,00000;0,00000;6,598489;130,94870;35,90649;650,77190;101,10470;103,49900;830,75480
-400;-0,09148625;1657,89859167478;-151,674921139028;0,01679944;0,00000;0,00000;4,363689;130,95790;35,97554;650,59080;101,71820;103,57810;829,42220
-395;-0,08901527;1657,50770404504;-147,543488309891;0,01635928;0,00000;0,00000;6,605189;130,96310;36,02661;648,75570;102,38210;103,65260;828,91750
-390;-0,08145696;1657,35365616349;-135,002994712254;0,01593746;0,00000;0,00000;2,636489;130,97050;36,05505;649,42150;103,09220;103,72440;829,25560
-385;-0,07161578;1657,22997361076;-118,683814311122;0,015589;0,00000;0,00000;2,135589;130,98580;36,05732;649,58480;103,84160;103,79450;826,74980
-380;-0,06402328;1656,91658892733;-106,081226809783;0,01527722;0,00000;0,00000;2,840089;131,01370;36,03112;648,91090;104,62080;103,86370;826,74350
-375;-0,05987647;1656,20176506174;-99,1675130479774;0,01496543;0,00000;0,00000;5,388489;131,05710;35,97538;646,75120;105,41820;103,93260;823,91890
-370;-0,05945751;1654,90119133756;-98,3963105240721;0,014672;0,00000;0,00000;5,758089;131,11690;35,89024;645,57780;106,22100;104,00160;824,56230
-365;-0,05907276;1652,87294730093;-97,6397661674497;0,01437856;0,00000;0,00000;5,450289;131,19170;35,77703;643,91720;107,01500;104,07080;823,24340
-360;-0,0587735;1650,02802369473;-96,9779295413028;0,01408513;0,00000;0,00000;2,999789;131,27810;35,63813;642,58250;107,78610;104,14050;823,06340
-355;-0,05783299;1646,33624994461;-95,212547676246;0,01379168;0,00000;0,00000;4,618489;131,37020;35,47681;642,42110;108,52010;104,21100;824,38930
-350;-0,05502;1641,82767514512;-90,3333592063976;0,01351658;0,00000;0,00000;4,741789;131,46090;35,29713;642,58110;109,20350;104,28270;823,56090
-345;-0,05233526;1636,58965391409;-85,6513509728978;0,01325983;0,00000;0,00000;7,158889;131,54170;35,10376;639,91890;109,82430;104,35600;822,72780
-340;-0,05066799;1630,76005287054;-82,627337051823;0,01300307;0,00000;0,00000;2,006689;131,60400;34,90179;639,90940;110,37250;104,43150;823,06300
-335;-0,05169401;1622,10794529696;-83,8532598943396;0,0127463;0,00000;0,00000;4,090589;131,63910;34,69653;639,25040;110,84050;104,50930;821,06600
-330;-0,05199326;1610,26461489168;-83,7229072094458;0,01248954;0,00000;0,00000;2,878989;131,63970;34,49331;638,08280;111,22370;104,58940;820,05880
-325;-0,04917172;1602,94176800983;-78,8194061656304;0,01223278;0,00000;0,00000;3,905189;131,59990;34,29727;637,24510;111,52110;104,67140;817,26610
-320;-0,04542677;1602,69394874977;-72,8052091301284;0,01201271;0,00000;0,00000;2,661189;131,51580;34,11309;635,42030;111,73530;104,75420;816,77380
-315;-0,04133127;1604,74378305682;-66,3260887711363;0,01181096;0,00000;0,00000;4,901588;131,38610;33,94481;633,09220;111,87280;104,83640;816,95360
-310;-0,03863798;1610,7752235583;-62,2370970158088;0,01160921;0,00000;0,00000;5,766688;131,21160;33,79564;631,25300;111,94360;104,91580;817,77810
-305;-0,03719301;1618,94308812283;-60,2133644538554;0,01142582;0,00000;0,00000;5,075189;130,99570;33,66785;629,92190;111,96080;104,98990;816,45850
-300;-0,036851;1621,4152206462;-59,750778655812;0,01124242;0,00000;0,00000;7,151289;130,74370;33,56267;627,59550;111,93990;105,05560;815,96390
-295;-0,03796252;1614,5655859008;-61,2929773717952;0,01105902;0,00000;0,00000;5,231789;130,46270;33,48032;624,26510;111,89780;105,11030;815,48790
-290;-0,03782572;1604,3668430531;-60,6863257902821;0,01085728;0,00000;0,00000;2,506989;130,16100;33,42012;623,09470;111,85180;105,15130;813,83690
-285;-0,03749226;1592,5024651374;-59,7065189668118;0,01067388;0,00000;0,00000;3,342389;129,84770;33,38063;622,09610;111,81810;105,17650;811,02460
-280;-0,03536328;1583,40583149222;-55,9944284398579;0,01050882;0,00000;0,00000;5,403288;129,53220;33,35986;620,59750;111,81130;105,18440;811,68180
-275;-0,03236219;1579,97215511837;-51,1313620272275;0,01032542;0,00000;0,00000;4,585488;129,22370;33,35553;620,93080;111,84250;105,17480;809,21830
-270;-0,03267854;1577,87646424928;-51,5627092251515;0,0101787;0,00000;0,00000;3,377089;128,93120;33,36530;617,10020;111,91930;105,14830;809,53000
-265;-0,03352501;1578,69819308124;-52,9258697453758;0,01001364;0,00000;0,00000;5,409289;128,66260;33,38698;615,93730;112,04500;105,10660;809,04720
-260;-0,03347371;1575,01461292168;-52,721576124114;0,009830236;0,00000;0,00000;4,722789;128,42470;33,41870;616,60270;112,21880;105,05240;807,88890
-255;-0,03480753;1565,37256088949;-54,4867429398731;0,009665191;0,00000;0,00000;6,966788;128,22300;33,45898;613,95210;112,43580;104,98900;807,05880
-250;-0,03373876;1552,89124991808;-52,3926253619988;0,009500116;0,00000;0,00000;5,416889;128,06130;33,50682;612,94650;112,68790;104,92030;805,73630
-245;-0,03526923;1541,38377728111;-54,3634208140075;0,009316728;0,00000;0,00000;7,299089;127,94170;33,56153;610,62240;112,96510;104,85050;803,93020
-240;-0,03851828;1533,2023549229;-59,0563130757859;0,009133324;0,00000;0,00000;3,024889;127,86470;33,62275;609,95610;113,25640;104,78340;803,74620
-235;-0,03842422;1530,34631576939;-58,8023714421291;0,008931577;0,00000;0,00000;2,849389;127,82860;33,69018;610,12790;113,55130;104,72230;802,42430
-230;-0,03633799;1529,2897000966;-55,571322834704;0,008748174;0,00000;0,00000;1,783988;127,83010;33,76346;609,96640;113,84120;104,66980;800,59940
-225;-0,03497853;1530,56804864349;-53,5370165099323;0,008583128;0,00000;0,00000;2,858189;127,86420;33,84199;609,30130;114,12080;104,62750;799,93570
-220;-0,03629525;1530,63039702046;-55,5546061480948;0,00839971;0,00000;0,00000;5,077289;127,92470;33,92483;610,46690;114,38820;104,59590;798,93790
-215;-0,03953574;1533,49960305717;-60,628040603967;0,008197978;0,00000;0,00000;4,735388;128,00440;34,01059;609,30510;114,64630;104,57430;797,77030
-210;-0,04320374;1533,59616357316;-66,2570888118953;0,007977903;0,00000;0,00000;4,564789;128,09570;34,09742;608,63090;114,90180;104,56140;797,43400
-205;-0,04679479;1532,83668041468;-71,7287680379403;0,007757828;0,00000;0,00000;5,273589;128,19140;34,18314;607,13700;115,16530;104,55480;795,13790
-200;-0,04938547;1531,68862718399;-75,6431695263824;0,007501066;0,00000;0,00000;4,209189;128,28470;34,26530;603,97270;115,44950;104,55190;795,62400
-195;-0,05066799;1531,26378694946;-77,5860606631148;0,007244304;0,00000;0,00000;2,842489;128,37010;34,34140;601,64180;115,76810;104,54990;794,96300
-190;-0,04977878;1531,91088756023;-76,2566527885054;0,007005885;0,00000;0,00000;4,059289;128,44400;34,40911;599,64470;116,13400;104,54640;797,11150
-185;-0,04546097;1532,91586552356;-69,6878398986715;0,006767467;0,00000;0,00000;3,688289;128,50470;34,46648;598,48460;116,55710;104,53930;796,11350
-180;-0,04504201;1532,04829662608;-69,0065402885008;0,006547377;0,00000;0,00000;3,812489;128,55280;34,51217;598,15280;117,04270;104,52730;798,25930
-175;-0,04593978;1533,2345279552;-70,4364516418884;0,006327301;0,00000;0,00000;3,360189;128,59140;34,54560;598,81410;117,59040;104,51030;799,73580
-170;-0,0477182;1540,88817742416;-73,5284115644296;0,006070539;0,00000;0,00000;6,483389;128,62560;34,56709;600,81730;118,19280;104,48880;801,88890
-165;-0,05024904;1554,36077144802;-78,1051293928554;0,005832121;0,00000;0,00000;6,113789;128,66230;34,57784;600,98090;118,83560;104,46430;802,22260
-160;-0,05041149;1564,1006985165;-78,8486448454243;0,005575359;0,00000;0,00000;6,620789;128,71010;34,57992;600,98600;119,49820;104,43940;800,90860
-155;-0,05122375;1572,06170539434;-80,5268945708061;0,005318597;0,00000;0,00000;8,333089;128,77780;34,57612;601,82070;120,15510;104,41680;799,41160
-150;-0,05263452;1574,29373340148;-82,862192686728;0,005061835;0,00000;0,00000;4,605789;128,87450;34,56975;601,64950;120,77780;104,39980;800,24600
-145;-0,05254047;1573,21341210266;-82,6573660326147;0,004786745;0,00000;0,00000;7,521889;129,00830;34,56436;601,98940;121,33730;104,39160;798,58620
-140;-0,05378878;1569,00470759085;-84,3948515191277;0,004529983;0,00000;0,00000;3,899189;129,18550;34,56345;603,31870;121,80710;104,39500;798,40840
-135;-0,05463524;1562,44621787376;-85,3646287875064;0,004254878;0,00000;0,00000;2,857889;129,40980;34,57013;604,65050;122,16530;104,41210;799,08760
-130;-0,05365198;1557,15274128174;-83,5443282402994;0,003979772;0,00000;0,00000;1,319189;129,68210;34,58688;604,48510;122,39740;104,44410;799,74880
-125;-0,05182226;1558,60479271351;-80,770415585348;0,00372301;0,00000;0,00000;3,556589;129,99920;34,61526;607,13920;122,49790;104,49110;801,89920
-120;-0,04853901;1564,83870374007;-75,9557241190563;0,003484592;0,00000;0,00000;3,576489;130,35460;34,65580;607,79880;122,47100;104,55210;804,38810
-115;-0,04725649;1574,94267145169;-74,4262680927896;0,003246173;0,00000;0,00000;8,155189;130,73790;34,70792;609,79130;122,33100;104,62460;806,21010
-110;-0,0475985;1584,45330541969;-75,4175966199759;0,003007755;0,00000;0,00000;4,734189;131,13550;34,76995;612,62270;122,10060;104,70550;811,83390
-105;-0,04734199;1593,24717045927;-75,4274980174803;0,002769336;0,00000;0,00000;1,978889;131,53130;34,83932;613,62150;121,80970;104,79070;814,46780
-100;-0,04781225;1598,60969638285;-76,4331279237717;0,002530918;0,00000;0,00000;3,560789;131,90770;34,91273;616,60380;121,49250;104,87560;816,95510
-95;-0,04905202;1598,52412290919;-78,4108347085112;0,002292499;0,00000;0,00000;6,097488;132,24650;34,98645;617,09670;121,18420;104,95570;820,90280
-90;-0,04951372;1594,37577362866;-78,9434835527646;0,002035752;0,00000;0,00000;2,652789;132,53030;35,05660;619,91580;120,91810;105,02670;826,01790
-85;-0,04845351;1589,52304141108;-77,0179712287892;0,001797318;0,00000;0,00000;3,189089;132,74360;35,11949;620,74110;120,72220;105,08500;830,14380
-80;-0,04354575;1590,33047499368;-69,2521235077769;0,001577228;0,00000;0,00000;2,675389;132,87400;35,17180;624,72220;120,61680;105,12820;833,11760
-75;-0,03996325;1603,0015837178;-64,0611453473885;0,001375496;0,00000;0,00000;4,343589;132,91280;35,21087;629,20690;120,61240;105,15490;835,40910
-70;-0,03954429;1625,36919969816;-64,274071323437;0,001192108;0,00000;0,00000;3,532289;132,85570;35,23481;634,68800;120,70870;105,16520;840,03830
-65;-0,0404677;1644,9384094848;-66,5668778489463;0,0009720176;0,00000;0,00000;4,394789;132,70320;35,24257;639,50630;120,89500;105,16070;844,65920
-60;-0,04248553;1660,72433486845;-70,5567531537595;0,0007702708;0,00000;0,00000;5,956589;132,45990;35,23396;646,31400;121,15070;105,14380;849,78100
-55;-0,03987775;1671,22136454151;-66,6445386182091;0,0005685389;0,00000;0,00000;6,313089;132,13490;35,20967;651,96460;121,44770;105,11830;855,87930
-50;-0,03484173;1675,7410533913;-58,3857111130855;0,0003851354;0,00000;0,00000;8,532589;131,74030;35,17111;657,77340;121,75280;105,08830;859,51210
-45;-0,02926705;1677,65055045486;-49,0998828116776;0,000256747;0,00000;0,00000;7,314188;131,29040;35,12038;660,91170;122,03100;105,05840;865,79030
-40;-0,02264071;1678,68628109547;-38,0066485346328;0,0001283884;0,00000;0,00000;2,527889;130,80090;35,06014;664,72420;122,24820;105,03320;870,55850
-35;-0,01595452;1682,7152697655;-26,8469110052339;0,00005501509;0,00000;0,00000;3,552989;130,28760;34,99344;667,20780;122,37500;105,01660;873,68100
-30;-0,01040549;1693,91989899968;-17,6260703090145;0,00000;0,00000;0,00000;4,739589;129,76490;34,92360;670,01500;122,38850;105,01190;878,12420
-25;-0,004779515;1707,41833758319;-8,16063204674389;-0,00001834333;0,00000;0,00000;2,514489;129,24550;34,85404;672,82400;122,27500;105,02130;880,06480
-20;-0,00221448;1715,65216171709;-3,7992778244114;-0,00003668666;0,00000;0,00000;5,939489;128,73890;34,78808;674,79920;122,03000;105,04610;883,68620
-15;-0,001068765;1721,88250618274;-1,84028732237166;-0,00003668666;0,00000;0,00000;7,494589;128,25140;34,72877;676,78190;121,65940;105,08610;886,31380
-10;-0,0005557575;1723,80446804972;-0,95801725404985;-0,00003668666;0,00000;0,00000;5,768389;127,78570;34,67870;678,75600;121,17820;105,14020;887,29220
-5;0,002436783;1719,98327045228;4,19122649550691;-0,00003668666;0,00000;0,00000;6,153289;127,34070;34,63984;681,57040;120,60870;105,20640;888,09850
0;0,005283972;1715,02033451389;9,0621196213055;0,00000;0,00000;0,00000;6,447689;126,91210;34,61340;682,54210;119,97890;105,28200;887,73070
5;0,01049099;1704,41238678182;17,8809795026877;0,00005501509;0,00000;0,00000;6,612589;126,49300;34,59979;683,35410;119,31960;105,36390;888,21770
10;0,01672403;1693,25158652165;28,3179877737192;0,0001283884;0,00000;0,00000;3,372889;126,07450;34,59857;685,33360;118,66150;105,44880;889,69380
15;0,02460724;1681,7725220827;41,3837727996682;0,000256747;0,00000;0,00000;2,503289;125,64670;34,60849;685,80790;118,03270;105,53400;889,50350
20;0,03322575;1664,36373374646;55,2997383493602;0,0004218221;0,00000;0,00000;3,885189;125,19990;34,62768;684,94920;117,45640;105,61710;892,13870
25;0,03996325;1647,03869671344;65,8210111847013;0,000623554;0,00000;0,00000;5,767889;124,72500;34,65375;683,59860;116,94900;105,69650;893,92960
30;0,04073276;1634,96838525251;66,5967683801902;0,0008253008;0,00000;0,00000;6,265888;124,21470;34,68401;680,24330;116,51920;105,77140;895,06820
35;0,03957849;1625,25597030529;64,3251768337674;0,001027033;0,00000;0,00000;5,897388;123,66420;34,71571;676,56270;116,16750;105,84190;896,04090
40;0,03463652;1622,6974451403;56,2045954243803;0,001192108;0,00000;0,00000;4,015089;123,07080;34,74624;672,20870;115,88640;105,90880;898,17440
45;0,02997671;1619,02055792835;48,5329064308334;0,001357153;0,00000;0,00000;2,821289;122,43470;34,77326;666,69210;115,66200;105,97350;898,96970
50;0,0291388;1617,72435323278;47,1385411159132;0,001485541;0,00000;0,00000;3,504189;121,75860;34,79485;661,84670;115,47500;106,03750;899,94080
55;0,03198599;1619,28830482152;51,7945338157879;0,001650602;0,00000;0,00000;6,084088;121,04690;34,80957;654,00410;115,30300;106,10280;900,08590
60;0,03838147;1615,53697487746;62,0066896981554;0,001852334;0,00000;0,00000;1,587389;120,30550;34,81645;650,82770;115,12240;106,17070;899,57050
65;0,0474788;1611,1730267367;76,4965551462578;0,002072409;0,00000;0,00000;1,130089;119,54050;34,81498;648,31850;114,91060;106,24250;897,55520
70;0,05249771;1604,72351642048;84,2443161065483;0,002347514;0,00000;0,00000;2,666889;118,75840;34,80503;644,81530;114,64770;106,31860;894,88240
75;0,05506275;1600,68620204498;88,138182049329;0,002622619;0,00000;0,00000;4,761489;117,96440;34,78680;643,64720;114,31840;106,39900;891,08250
80;0,05254902;1601,77552961527;84,1717272383914;0,002879366;0,00000;0,00000;4,905389;117,16300;34,76077;644,14400;113,91270;106,48270;885,94120
85;0,04580297;1602,69381896536;73,4081448525652;0,003117785;0,00000;0,00000;6,637488;116,35700;34,72766;645,13840;113,42690;106,56810;883,93880
90;0,04235728;1604,76507943578;67,9734805281542;0,003319547;0,00000;0,00000;5,100189;115,54800;34,68845;649,95730;112,86370;106,65320;880,79120
95;0,04013425;1605,7613694114;64,4460246248363;0,003521279;0,00000;0,00000;4,082189;114,73660;34,64434;651,95060;112,23180;106,73540;877,80710
100;0,04192122;1599,75530031668;67,0636959730092;0,003741354;0,00000;0,00000;5,258889;113,92270;34,59684;655,75990;111,54540;106,81220;875,49500
105;0,04713679;1595,79875386104;75,2208330567244;0,003961429;0,00000;0,00000;7,134089;113,10640;34,54776;659,58350;110,82280;106,88100;874,64870
110;0,05301072;1587,42530948074;84,1505623440245;0,004236534;0,00000;0,00000;1,302989;112,28840;34,49919;663,23900;110,08540;106,93930;875,30890
115;0,05915826;1581,36559829855;93,5508335639256;0,004529983;0,00000;0,00000;3,189989;111,47070;34,45351;667,55540;109,35570;106,98510;873,16260
120;0,062356;1579,79075542592;98,5094363611064;0,00484176;0,00000;0,00000;-0,07621129;110,65710;34,41328;668,38040;108,65600;107,01690;875,13090
125;0,06167199;1580,78451156699;97,490134287397;0,005153537;0,00000;0,00000;7,687089;109,85310;34,38111;671,37260;108,00650;107,03380;874,64580
130;0,06005602;1583,20066094251;95,0807333757509;0,005446985;0,00000;0,00000;5,110589;109,06630;34,35950;672,70020;107,42390;107,03530;875,96510
135;0,05740548;1586,36214344162;91,0658870328981;0,005740419;0,00000;0,00000;5,435188;108,30540;34,35064;673,69180;106,91990;107,02170;876,30790
140;0,05574676;1584,04834395286;88,3055611978892;0,006015509;0,00000;0,00000;5,618888;107,58030;34,35616;674,69200;106,50050;106,99370;876,65750
145;0,05493449;1581,47269087834;86,8774050108099;0,006290615;0,00000;0,00000;4,914689;106,90070;34,37694;676,01960;106,16510;106,95230;878,64390
150;0,0552765;1580,76597676289;87,3792098493584;0,00656572;0,00000;0,00000;6,134688;106,27550;34,41296;676,34370;105,90640;106,89930;881,47220
155;0,05454974;1586,62588755548;86,5500305906538;0,00684081;0,00000;0,00000;10,05729;105,71140;34,46310;678,51090;105,71080;106,83640;886,78700
160;0,05416499;1595,04645710573;86,3956700126102;0,007115915;0,00000;0,00000;5,955389;105,21280;34,52518;682,48970;105,55910;106,76590;891,94860
165;0,05366053;1608,95682736178;86,3374805008682;0,007372677;0,00000;0,00000;3,345989;104,78040;34,59594;685,48520;105,42790;106,69020;896,10820
170;0,05586646;1621,15961648794;90,568456140996;0,007666111;0,00000;0,00000;1,967189;104,41130;34,67119;689,31790;105,29160;106,61180;901,78920
175;0,06176604;1633,65442683267;100,904372769152;0,00795956;0,00000;0,00000;6,812189;104,09900;34,74607;691,80660;105,12420;106,53330;905,30680
180;0,06802473;1644,72398932239;111,881905457863;0,008308023;0,00000;0,00000;7,668189;103,83400;34,81534;693,30300;104,90180;106,45700;909,96670
185;0,07220574;1656,59188263041;119,615437733848;0,008674815;0,00000;0,00000;6,310489;103,60410;34,87376;695,30360;104,60450;106,38520;913,31150
190;0,07566854;1665,14222704991;125,998870454526;0,009041622;0,00000;0,00000;4,945489;103,39620;34,91651;699,46380;104,21900;106,31970;915,63710
195;0,07570273;1674,79739677129;126,786739076781;0,009426758;0,00000;0,00000;5,086689;103,19670;34,93954;701,29290;103,74000;106,26160;915,32010
200;0,0769425;1677,06085292987;129,037249543995;0,009811893;0,00000;0,00000;5,751888;102,99360;34,93997;701,96000;103,17130;106,21140;914,83610
205;0,07758376;1673,05864237936;129,802176088923;0,01019703;0,00000;0,00000;7,667789;102,77690;34,91630;701,45340;102,52590;106,16870;912,67250
210;0,07975549;1668,45446369194;133,068400728054;0,01060052;0,00000;0,00000;4,901488;102,54000;34,86860;702,61480;101,82610;106,13250;911,19350
215;0,08633053;1670,17668796675;144,18723670294;0,01102233;0,00000;0,00000;3,747989;102,27980;34,79850;702,61680;101,10140;106,10080;910,70370
220;0,09357248;1674,59015348497;156,695549923416;0,01149918;0,00000;0,00000;4,042189;101,99730;34,70911;702,44960;100,38720;106,07090;909,72170
225;0,1029605;1682,19561427221;173,199707280367;0,01201271;0,00000;0,00000;5,969289;101,69720;34,60476;702,61020;99,72154;106,03990;909,89170
230;0,1086378;1681,61080876245;182,686464509219;0,01254457;0,00000;0,00000;6,657789;101,38710;34,49067;704,11170;99,14210;106,00440;911,54080
235;0,1093474;1676,41143186745;183,31129972531;0,0131131;0,00000;0,00000;4,574089;101,07670;34,37254;704,27910;98,68309;105,96120;912,19950
240;0,1058248;1665,23621225919;176,22327843578;0,01362661;0,00000;0,00000;4,398289;100,77660;34,25615;703,45280;98,37209;105,90770;912,20780
245;0,1012077;1649,53683109946;166,945883114958;0,01414013;0,00000;0,00000;7,031189;100,49760;34,14689;702,45280;98,22741;105,84180;913,37180
250;0,1007033;1639,04000007609;165,056693174469;0,01463532;0,00000;0,00000;5,594988;100,24880;34,04943;703,30250;98,25618;105,76240;915,02020
255;0,10603;1634,76239584307;173,333846376608;0,01516719;0,00000;0,00000;3,895489;100,03760;33,96746;702,30980;98,45331;105,66970;918,49230
260;0,1119552;1642,48483052776;183,884761582808;0,01573572;0,00000;0,00000;1,321189;99,86853;33,90344;702,65280;98,80153;105,56500;919,00990
265;0,1194708;1657,30832151412;197,999921165672;0,0163226;0,00000;0,00000;6,635988;99,74326;33,85863;704,33340;99,27246;105,45100;919,18600
270;0,1239425;1669,92403509368;206,974550297304;0,01694617;0,00000;0,00000;2,501089;99,66069;33,83305;706,01110;99,82871;105,33140;918,69730
275;0,1272685;1680,54839667164;213,880854593561;0,01758805;0,00000;0,00000;5,425289;99,61738;33,82567;707,35160;100,42680;105,21050;917,90160
280;0,1297908;1688,72676439387;219,181142565783;0,01822996;0,00000;0,00000;5,443889;99,60810;33,83454;708,69090;101,02090;105,09320;918,72460
285;0,1319625;1693,74270979403;223,510510266449;0,01889019;0,00000;0,00000;5,076289;99,62667;33,85707;709,52040;101,56620;104,98440;918,42160
290;0,1349037;1700,04694359826;229,342682730838;0,01956879;0,00000;0,00000;2,512689;99,66671;33,89023;710,19650;102,02370;104,88830;914,63770
295;0,1397687;1706,32919456436;238,491509275147;0,0202657;0,00000;0,00000;5,419589;99,72231;33,93076;707,52560;102,36270;104,80830;911,33830
300;0,1443345;1714,36514945172;247,44207798959;0,02098095;0,00000;0,00000;4,734389;99,78861;33,97535;707,02220;102,56410;104,74640;909,06490
305;0,148165;1721,78882306044;255,108799282575;0,02173291;0,00000;0,00000;7,839389;99,86212;34,02081;702,52810;102,62240;104,70310;906,28520
310;0,150901;1722,69180551039;259,955929696818;0,02248484;0,00000;0,00000;3,731289;99,94082;34,06412;701,69560;102,54540;104,67700;904,33150
315;0,1549965;1713,87635750369;265,644859722285;0,02325512;0,00000;0,00000;1,152789;100,02400;34,10254;701,35620;102,35460;104,66510;902,87150
320;0,1614348;1706,72853962514;275,525299271158;0,02406208;0,00000;0,00000;3,917089;100,11210;34,13366;699,35620;102,08210;104,66310;900,76390
325;0,171541;1702,31467515077;292,016743459693;0,02492405;0,00000;0,00000;4,213489;100,20620;34,15543;699,02440;101,76860;104,66530;897,50040
330;0,180758;1705,76450499754;308,330602749415;0,02582271;0,00000;0,00000;3,376988;100,30780;34,16624;700,19590;101,45870;104,66560;896,70330
335;0,186555;1710,45709578708;319,094310731519;0,02675804;0,00000;0,00000;4,556489;100,41790;34,16497;700,02610;101,19730;104,65750;894,25960
340;0,1859992;1709,9156447673;318,043003569959;0,02769341;0,00000;0,00000;5,052989;100,53750;34,15105;703,02650;101,02460;104,63530;891,66030
345;0,1836993;1700,44073388711;312,369697724435;0,02861039;0,00000;0,00000;4,375389;100,66680;34,12453;704,02600;100,97290;104,59390;888,72090
350;0,181613;1684,99486582561;306,01701538227;0,02950905;0,00000;0,00000;3,356288;100,80510;34,08614;705,19170;101,06330;104,52990;887,76680
355;0,184845;1662,83787155434;307,367209854145;0,0304444;0,00000;0,00000;5,765989;100,95120;34,03726;705,52150;101,30340;104,44150;886,80980
360;0,1932155;1652,04193524023;319,20016021011;0,03139809;0,00000;0,00000;4,396489;101,10370;33,97995;704,02580;101,68740;104,32850;887,84720
365;0,200372;1646,22244229057;329,85685132321;0,03240678;0,00000;0,00000;3,386089;101,26050;33,91685;703,53100;102,19650;104,19290;885,39540
370;0,2030567;1651,32831012637;335,313308054517;0,03343381;0,00000;0,00000;6,297489;101,41990;33,85106;703,36510;102,80090;104,03810;885,10620
375;0,2053738;1661,89836689019;341,310386150871;0,03444251;0,00000;0,00000;6,430988;101,58060;33,78593;702,37070;103,46300;103,86860;885,98110
380;0,2048095;1667,084917435;341,4348212099;0,03546955;0,00000;0,00000;5,234089;101,74190;33,72493;701,70530;104,14170;103,69000;889,98690
385;0,2062972;1667,83154243829;344,069005387058;0,03651494;0,00000;0,00000;6,617888;101,90420;33,67136;703,03990;104,79590;103,50780;893,82450
390;0,2084005;1659,1714736812;345,772238389725;0,03754197;0,00000;0,00000;5,934789;102,06870;33,62815;703,54110;105,38910;103,32740;894,18590
395;0,2115042;1643,73374189336;347,656640820876;0,03860569;0,00000;0,00000;5,430289;102,23770;33,59766;702,87670;105,89280;103,15300;889,90520
400;0,2176518;1631,20405039611;355,034439799407;0,03968775;0,00000;0,00000;4,063088;102,41410;33,58151;702,21580;106,28890;102,98790;887,60360
405;0,2222517;1621,93382564441;360,477589935548;0,0408065;0,00000;0,00000;9,393989;102,60140;33,58048;699,39410;106,57140;102,83350;881,33180
410;0,2231067;1621,61392139853;361,792989393839;0,04192524;0,00000;0,00000;3,501389;102,80300;33,59446;698,23720;106,74630;102,69000;877,86940
415;0,2220893;1628,34366318626;361,637660591138;0,04302564;0,00000;0,00000;2,875489;103,02200;33,62251;697,90280;106,83060;102,55550;873,74650
420;0,2221662;1629,85543484514;362,098827163082;0,04414438;0,00000;0,00000;2,361889;103,26010;33,66286;698,57390;106,84950;102,42740;870,45210
425;0,2257573;1631,51282815256;368,325887452608;0,04526311;0,00000;0,00000;4,904789;103,51730;33,71313;698,57850;106,83310;102,30180;867,83070
430;0,2290747;1627,35971360489;372,786960060864;0,04641855;0,00000;0,00000;3,712989;103,79160;33,77044;698,91420;106,81260;102,17490;870,31630
435;0,230913;1619,48320225122;373,959700020179;0,04757395;0,00000;0,00000;4,558589;104,07800;33,83161;699,40810;106,81620;102,04280;872,16770
440;0,2331788;1616,94114751044;377,036358441947;0,04872938;0,00000;0,00000;4,927989;104,36910;33,89339;701,40360;106,86470;101,90290;872,50640
445;0,2337687;1611,34812426065;376,682829056618;0,04990312;0,00000;0,00000;5,614089;104,65460;33,95261;701,06300;106,96900;101,75340;873,53570
450;0,233213;1607,62910111465;374,919980624708;0,0510769;0,00000;0,00000;5,592289;104,92200;34,00639;701,88730;107,12780;101,59460;870,74270
455;0,23211;1608,01797863279;373,237073268361;0,05223233;0,00000;0,00000;7,158389;105,15690;34,05228;701,22410;107,32650;101,42830;870,42230
460;0,232452;1606,25515418158;373,377243977834;0,05338773;0,00000;0,00000;0,9746886;105,34420;34,08833;699,05510;107,53860;101,25800;870,61330
465;0,2371375;1606,74103855527;381,018524590525;0,05457984;0,00000;0,00000;4,735188;105,46910;34,11321;699,39040;107,72680;101,08870;870,77670
470;0,242943;1611,18160886842;391,42532139735;0,05579028;0,00000;0,00000;4,908189;105,51790;34,12625;698,04990;107,84710;100,92630;872,77260
475;0,2440032;1617,19822271999;394,601592151852;0,05701905;0,00000;0,00000;5,269489;105,47970;34,12741;698,38790;107,85200;100,77720;874,75960
480;0,2429003;1622,05386059428;393,997311714168;0,05822951;0,00000;0,00000;4,536889;105,34720;34,11730;697,55080;107,69580;100,64730;876,26660
485;0,2398735;1626,41260859309;390,133326612495;0,0594216;0,00000;0,00000;4,191988;105,11750;34,09717;696,38970;107,33870;100,54190;876,27860
490;0,239181;1623,79421174847;388,380675589753;0,06063205;0,00000;0,00000;6,461589;104,79290;34,06887;697,72740;106,75100;100,46450;874,29540
495;0,241327;1620,47090357435;391,063461737564;0,06182414;0,00000;0,00000;5,220189;104,38070;34,03479;697,39790;105,91610;100,41690;870,99480
500;0,2476285;1613,78468773391;399,6190450467;0,06307125;0,00000;0,00000;4,564989;103,89350;33,99783;697,55730;104,83290;100,39840;869,01220
505;0,255315;1614,2468059234;412,141468412375;0,06433673;0,00000;0,00000;5,260388;104,38070;34,03479;696,89000;105,91610;100,41690;867,04260
510;0,2616165;1618,6525321879;423,466152732304;0,0656572;0,00000;0,00000;3,202489;104,79290;34,06887;695,56100;106,75100;100,46450;866,20860
515;0,260257;1628,08915631116;423,721595474297;0,06695935;0,00000;0,00000;1,995289;105,11750;34,09717;696,06230;107,33870;100,54190;865,38200
520;0,2580853;1630,83601988685;420,894757622788;0,06824315;0,00000;0,00000;-1,475112;105,34720;34,11730;695,90260;107,69580;100,64730;865,70150
525;0,2540753;1626,57655814535;413,272861714666;0,0695086;0,00000;0,00000;0,9357886;105,47970;34,12741;695,39500;107,85200;100,77720;866,70530
530;0,2533399;1614,60650321922;409,04432555786;0,07079239;0,00000;0,00000;3,501289;105,51790;34,12625;697,06040;107,84710;100,92630;867,54900
535;0,2564693;1608,34952597806;412,492272424135;0,07205786;0,00000;0,00000;3,192789;105,46910;34,11321;694,41000;107,72680;101,08870;870,68750
540;0,2605563;1597,54908124737;416,251405532612;0,07336;0,00000;0,00000;5,257689;105,34420;34,08833;694,90050;107,53860;101,25800;871,34270
545;0,2641729;1590,51783731813;420,171791970439;0,07469882;0,00000;0,00000;5,252688;105,15690;34,05228;694,73770;107,32650;101,42830;872,20070
550;0,2672168;1587,2840552806;424,148953885994;0,0760193;0,00000;0,00000;2,493689;104,92200;34,00639;694,73660;107,12780;101,59460;872,03380
555;0,266909;1592,43908964352;425,03630151337;0,07735811;0,00000;0,00000;7,504389;104,65460;33,95261;695,23300;106,96900;101,75340;872,54340
560;0,2679777;1603,88550450613;429,805637728745;0,07869694;0,00000;0,00000;2,664489;104,36910;33,89339;695,72880;106,86470;101,90290;876,53340
565;0,2672938;1619,16094872757;432,791597209879;0,08003576;0,00000;0,00000;1,817689;104,07800;33,83161;695,88880;106,81620;102,04280;877,03530
570;0,2663105;1632,1314222847;434,653700712899;0,08137458;0,00000;0,00000;3,197289;103,79160;33,77044;695,23470;106,81260;102,17490;876,90380
575;0,2687558;1642,15783814356;441,3394594263;0,08269505;0,00000;0,00000;4,566988;103,51730;33,71313;695,89620;106,83310;102,30180;878,20650
580;0,2707822;1652,33002548075;447,421527254718;0,08407056;0,00000;0,00000;6,833488;103,26010;33,66286;696,72910;106,84950;102,42740;880,86080
585;0,274758;1660,41234133006;456,211551565733;0,08544606;0,00000;0,00000;6,302889;103,02200;33,62251;697,22220;106,83060;102,55550;884,31770
590;0,2798453;1662,96713248413;465,373562380628;0,08682156;0,00000;0,00000;6,485489;102,80300;33,59446;698,88930;106,74630;102,69000;885,30710
595;0,2812304;1664,82887422031;468,200575244475;0,08825208;0,00000;0,00000;7,523889;102,60140;33,58048;700,04630;106,57140;102,83350;884,65300
600;0,2869163;1665,04937766366;477,729782456633;0,08968259;0,00000;0,00000;6,279388;102,41410;33,58151;699,87900;106,28890;102,98790;882,15730
605;0,2901653;1658,97554994748;481,377174786821;0,09111311;0,00000;0,00000;6,298489;102,23770;33,59766;701,87490;105,89280;103,15300;882,81870
610;0,2914222;1655,06139299519;482,321592881885;0,09259865;0,00000;0,00000;2,496889;102,06870;33,62815;701,36720;105,38910;103,32740;881,98320
615;0,2931493;1649,74013421484;483,620168918462;0,09404752;0,00000;0,00000;4,395989;101,90420;33,67136;701,19630;104,79590;103,50780;881,49350
620;0,2927133;1646,81030472798;482,043191455499;0,09551472;0,00000;0,00000;3,383889;101,74190;33,72493;700,52970;104,14170;103,69000;882,47910
625;0,292927;1645,62483934754;482,04795326509;0,09698192;0,00000;0,00000;7,511989;101,58060;33,78593;700,52760;103,46300;103,86860;882,17070
630;0,2976638;1637,66671471548;487,474041493062;0,09846745;0,00000;0,00000;6,840889;101,41990;33,85106;699,87350;102,80090;104,03810;885,46660
635;0,3050425;1617,50760931427;493,408584890669;0,09998968;0,00000;0,00000;6,624188;101,26050;33,91685;699,20810;102,19650;104,19290;886,30800
640;0,3117373;1601,29134276605;499,182169860152;0,1015486;0,00000;0,00000;7,521889;101,10370;33,97995;699,38230;101,68740;104,32850;887,13400
645;0,3165082;1589,04371710823;502,945392664919;0,1031442;0,00000;0,00000;8,202489;100,95120;34,03726;698,88980;101,30340;104,44150;887,30380
650;0,3154565;1584,63834428895;499,88453697458;0,1047031;0,00000;0,00000;6,637389;100,80510;34,08614;700,23180;101,06330;104,52990;886,15560
655;0,312712;1585,42749084211;495,782141878211;0,1062803;0,00000;0,00000;9,073089;100,66680;34,12453;700,74210;100,97290;104,59390;888,63340
660;0,3063678;1588,16489304802;486,562559641289;0,1078025;0,00000;0,00000;4,764289;100,53750;34,15105;701,07650;101,02460;104,63530;891,31670
665;0,3012805;1588,77328291954;478,666361436728;0,1093247;0,00000;0,00000;2,866289;100,41790;34,16497;704,41190;101,19730;104,65750;891,98590
670;0,2980998;1585,24536162016;472,561372614273;0,1107919;0,00000;0,00000;4,603489;100,30780;34,16624;704,08480;101,45870;104,66560;893,99690
675;0,2987667;1574,0140382218;470,263024100676;0,1122958;0,00000;0,00000;7,496489;100,20620;34,15543;703,74830;101,76860;104,66530;894,34820
680;0,298211;1563,39238902419;466,220756962796;0,1137997;0,00000;0,00000;2,874089;100,11210;34,13366;703,91750;102,08210;104,66310;898,16770
685;0,3000578;1552,95475655475;465,976170403057;0,1152852;0,00000;0,00000;3,721089;100,02400;34,10254;702,08220;102,35460;104,66510;899,17360
690;0,300605;1554,78174330693;467,375161469375;0,1167891;0,00000;0,00000;6,268989;99,94082;34,06412;701,25420;102,54540;104,67700;900,35800
695;0,3069577;1560,80257456688;479,100424447714;0,1183297;0,00000;0,00000;5,095989;99,86212;34,02081;700,58690;102,62240;104,70310;901,19890
700;0,313319;1564,4986702873;490,187194281061;0,1198886;0,00000;0,00000;7,145489;99,78861;33,97535;701,25200;102,56410;104,74640;902,85260
705;0,3171067;1569,31744445387;497,641103578262;0,1214842;0,00000;0,00000;6,126888;99,72231;33,93076;698,75620;102,36270;104,80830;905,33720
710;0,317158;1572,17218848087;498,627004375946;0,1230614;0,00000;0,00000;5,441089;99,66671;33,89023;702,91050;102,02370;104,88830;903,18850
715;0,3144647;1570,1253458797;493,749033768607;0,1246386;0,00000;0,00000;6,663188;99,62667;33,85707;705,08150;101,56620;104,98440;901,55500
720;0,3078555;1570,1004344979;483,364048203625;0,1261792;0,00000;0,00000;5,111189;99,60810;33,83454;706,91030;101,02090;105,09320;900,08360
725;0,304444;1562,13575880398;475,582866690614;0,1277014;0,00000;0,00000;7,130389;99,61738;33,82567;707,07640;100,42680;105,21050;900,92660
730;0,3038968;1555,9776359858;472,856623036468;0,1292053;0,00000;0,00000;6,606689;99,66069;33,83305;707,41770;99,82871;105,33140;902,59280
735;0,3038797;1556,32034771883;472,934158628281;0,1307459;0,00000;0,00000;5,766289;99,74326;33,85863;708,58250;99,27246;105,45100;903,09620
740;0,3049143;1554,86578093844;474,100749373572;0,1322681;0,00000;0,00000;9,347289;99,86853;33,90344;710,24960;98,80153;105,56500;905,10300
745;0,3048801;1551,93380028004;473,153671269661;0,133772;0,00000;0,00000;5,242689;100,03760;33,96746;709,58400;98,45331;105,66970;908,42380
750;0,3031529;1549,48620070211;469,731289810764;0,1353125;0,00000;0,00000;6,605588;100,24880;34,04943;712,41310;98,25618;105,76240;910,92000
755;0,3026143;1543,05938473394;466,951797919818;0,1368164;0,00000;0,00000;10,04629;100,49760;34,14689;712,08120;98,22741;105,84180;912,59820
760;0,3023578;1541,78750871861;466,171440445787;0,1383203;0,00000;0,00000;3,027988;100,77660;34,25615;713,74140;98,37209;105,90770;913,27860
765;0,2993225;1534,7272299035;459,37837105559;0,1398242;0,00000;0,00000;4,391889;101,07670;34,37254;715,08210;98,68309;105,96120;913,62320
770;0,298724;1528,20618975579;456,511834393013;0,141328;0,00000;0,00000;4,565289;101,38710;34,49067;714,42050;99,14210;106,00440;915,78440
775;0,2978433;1522,80034247548;453,55590827843;0,1427952;0,00000;0,00000;6,651889;101,69720;34,60476;715,74880;99,72154;106,03990;916,45140
780;0,2979972;1522,54963955625;453,715557672488;0,1442991;0,00000;0,00000;6,313889;101,99730;34,70911;716,41860;100,38720;106,07090;918,78690
785;0,300263;1529,05863079148;459,11973088196;0,145803;0,00000;0,00000;4,228788;102,27980;34,79850;718,25320;101,10140;106,10080;919,79440
790;0,303683;1542,6965937398;468,490798925522;0,1473069;0,00000;0,00000;5,934988;102,54000;34,86860;720,25420;101,82610;106,13250;920,62600
795;0,301879;1558,06497896502;470,347060438049;0,1488291;0,00000;0,00000;5,085588;102,77690;34,91630;721,42910;102,52590;106,16870;921,30360
800;0,299579;1575,54033900511;471,998792214865;0,150333;0,00000;0,00000;7,134588;102,99360;34,93997;724,75290;103,17130;106,21140;923,11800
805;0,2972448;1584,74767452609;471,058015801104;0,1518002;0,00000;0,00000;3,025589;103,19670;34,93954;725,59200;103,74000;106,26160;925,27050
810;0,2956117;1588,90549719011;469,69909905994;0,1532857;0,00000;0,00000;4,745589;103,39620;34,91651;728,59780;104,21900;106,31970;930,89540
815;0,2953552;1589,30064813214;469,408257386492;0,1547713;0,00000;0,00000;3,365889;103,60410;34,87376;728,93630;104,60450;106,38520;933,53980
820;0,2946798;1583,46773810325;466,615913099624;0,1562385;0,00000;0,00000;2,988689;103,83400;34,81534;729,76980;104,90180;106,45700;934,54790
825;0,2943378;1578,8252079717;464,707893965138;0,1577057;0,00000;0,00000;4,879789;104,09900;34,74607;732,77400;105,12420;106,53330;935,54300
830;0,2962957;1578,44924945565;467,68779265034;0,1591912;0,00000;0,00000;5,415289;104,41130;34,67119;735,44040;105,29160;106,61180;937,87290
835;0,3001775;1574,8962022944;472,748394095844;0,1606951;0,00000;0,00000;5,037788;104,78040;34,59594;737,11410;105,42790;106,69020;939,53350
840;0,3026143;1572,38849488013;475,827214079334;0,162199;0,00000;0,00000;5,564589;105,21280;34,52518;737,77690;105,55910;106,76590;939,86050
845;0,3015797;1573,60216893571;474,566505987558;0,1637212;0,00000;0,00000;6,103089;105,71140;34,46310;736,95060;105,71080;106,83640;941,34050
850;0,302315;1574,82818693566;476,094227397957;0,1652251;0,00000;0,00000;5,572488;106,27550;34,41296;738,78750;105,90640;106,89930;941,16020
855;0,3035975;1582,4607142893;480,431181121031;0,1667289;0,00000;0,00000;6,781589;106,90070;34,37694;738,44900;106,16510;106,95230;940,82760
860;0,3026827;1588,88421454768;480,927726621912;0,1682695;0,00000;0,00000;2,991589;107,58030;34,35616;739,61790;106,50050;106,99370;942,64920
865;0,3029135;1588,87359145701;481,291311889368;0,1697734;0,00000;0,00000;2,825889;108,30540;34,35064;740,11230;106,91990;107,02170;944,64900
870;0,3038968;1590,77093642889;483,430183514937;0,1712773;0,00000;0,00000;1,304589;109,06630;34,35950;740,11470;107,42390;107,03530;948,11630
875;0,3046492;1594,38919997416;485,729400995654;0,1728178;0,00000;0,00000;1,658689;109,85310;34,38111;740,61340;108,00650;107,03380;950,27970
880;0,3077272;1594,5569558935;490,688617443063;0,1743584;0,00000;0,00000;2,673089;110,65710;34,41328;741,61030;108,65600;107,01690;952,11490
885;0,3074793;1596,22344592855;490,805656604851;0,1758806;0,00000;0,00000;2,857689;111,47070;34,45351;744,44040;109,35570;106,98510;953,78400
890;0,3052905;1598,84242282838;488,111356331114;0,1774212;0,00000;0,00000;5,910889;112,28840;34,49919;745,44200;110,08540;106,93930;953,96340
895;0,3050425;1596,03506784738;486,858559091364;0,1789434;0,00000;0,00000;6,448189;113,10640;34,54776;747,95070;110,82280;106,88100;956,45720
900;0,306496;1592,52380241578;488,102228047075;0,1804656;0,00000;0,00000;5,743088;113,92270;34,59684;750,78520;111,54540;106,81220;956,94780
905;0,3059745;1589,30906512581;486,288006727588;0,1820062;0,00000;0,00000;7,099289;114,73660;34,64434;752,62320;112,23180;106,73540;961,25200
910;0,307086;1583,0548747904;486,133967514933;0,1835467;0,00000;0,00000;3,851789;115,54800;34,68845;754,95320;112,86370;106,65320;964,58800
915;0,3079923;1580,78785539893;486,870492374449;0,1850689;0,00000;0,00000;2,655589;116,35700;34,72766;757,12460;113,42690;106,56810;964,91870
920;0,309557;1577,58909948533;488,353715055029;0,1866278;0,00000;0,00000;2,657189;117,16300;34,76077;757,95340;113,91270;106,48270;965,90720
925;0,3111387;1569,69512730599;488,392981467095;0,1881867;0,00000;0,00000;5,261589;117,96440;34,78680;761,78970;114,31840;106,39900;962,42180
930;0,312977;1565,18555844027;489,867109328914;0,1897456;0,00000;0,00000;5,263588;118,75840;34,80503;762,94840;114,64770;106,31860;962,91390
935;0,3122075;1562,26838340469;487,751919119742;0,1913045;0,00000;0,00000;5,403789;119,54050;34,81498;764,45070;114,91060;106,24250;965,04630
940;0,3134387;1562,66069821644;489,79836656394;0,1928818;0,00000;0,00000;5,565289;120,30550;34,81645;766,45290;115,12240;106,17070;967,04960
945;0,3144305;1565,20026155422;492,146748521383;0,1944407;0,00000;0,00000;5,117488;121,04690;34,80957;766,96010;115,30300;106,10280;968,86100
950;0,3137807;1566,48840538318;491,533866025257;0,1960179;0,00000;0,00000;4,744289;121,75860;34,79485;767,29480;115,47500;106,03750;971,50330
955;0,3106685;1562,22581158485;485,334322871231;0,1975768;0,00000;0,00000;10,08689;122,43470;34,77326;767,13640;115,66200;105,97350;973,83000
960;0,3107625;1556,98664374;483,85311175797;0,1991174;0,00000;0,00000;4,745889;123,07080;34,74624;768,30430;115,88640;105,90880;974,97520
965;0,3080693;1557,15263294853;479,71084642054;0,2006579;0,00000;0,00000;5,453889;123,66420;34,71571;770,13930;116,16750;105,84190;975,31140
970;0,3073339;1554,99010398381;477,901232580071;0,2022168;0,00000;0,00000;3,111989;124,21470;34,68401;772,95970;116,51920;105,77140;975,80310
975;0,3067611;1550,32493704175;475,579359811959;0,2037207;0,00000;0,00000;5,300189;124,72500;34,65375;774,62330;116,94900;105,69650;975,97920
980;0,3053332;1548,02400182624;472,663148232587;0,2052613;0,00000;0,00000;6,460189;125,19990;34,62768;776,60660;117,45640;105,61710;979,63660
985;0,3025202;1544,10839985375;467,12402928101;0,2067835;0,00000;0,00000;4,566789;125,64670;34,60849;778,60570;118,03270;105,53400;986,09980
990;0,3035975;1541,52698254169;468,003807255892;0,2082874;0,00000;0,00000;7,541688;126,07450;34,59857;780,09170;118,66150;105,44880;992,22380
995;0,3018448;1541,91244598809;465,418206946223;0,2097913;0,00000;0,00000;5,144289;126,49300;34,59979;782,08040;119,31960;105,36390;998,34590
1000;0,3029819;1539,74542907876;466,515039091819;0,2113318;0,00000;0,00000;4,260289;126,91210;34,61340;784,73470;119,97890;105,28200;1004,63000
1005;0,3054786;1540,13726639481;470,478922034234;0,2128357;0,00000;0,00000;6,472789;127,34070;34,63984;787,55670;120,60870;105,20640;1010,08800
1010;0,3079838;1546,58201522326;476,322124359257;0,2143763;0,00000;0,00000;2,376989;127,78570;34,67870;791,21070;121,17820;105,14020;1014,53400
1015;0,308702;1550,70294684757;478,705035314009;0,2159352;0,00000;0,00000;0,3126886;128,25140;34,72877;795,19810;121,65940;105,08610;1015,84800
1020;0,3099503;1551,21314920948;480,798950726803;0,2174757;0,00000;0,00000;1,984889;128,73890;34,78808;797,86650;122,03000;105,04610;1017,66600
1025;0,30547;1554,91221937778;474,979073334066;0,2189979;0,00000;0,00000;5,967389;129,24550;34,85404;801,52800;122,27500;105,02130;1018,32800
1030;0,301195;1559,38163582247;469,677893115622;0,2205202;0,00000;0,00000;6,295089;129,76490;34,92360;804,84930;122,38850;105,01190;1021,94300
1035;0,300357;1563,79867439843;469,697957715303;0,2220057;0,00000;0,00000;6,489089;130,28760;34,99344;808,01750;122,37500;105,01660;1024,08800
1040;0,3010752;1575,37296938356;474,30582260698;0,2235096;0,00000;0,00000;5,456289;130,80090;35,06014;809,68160;122,24820;105,03320;1026,24100
1045;0,3007675;1582,03422096261;475,824411854084;0,2250318;0,00000;0,00000;5,975689;131,29040;35,12038;811,33970;122,03100;105,05840;1030,51800
1050;0,3030418;1587,46137936547;481,067137824093;0,2265357;0,00000;0,00000;3,710589;131,74030;35,17111;812,49650;121,75280;105,08830;1035,30500
1055;0,3034693;1598,21818273861;485,01013494202;0,2280396;0,00000;0,00000;8,349189;132,13490;35,20967;812,49280;121,44770;105,11830;1037,46300
1060;0,3025544;1608,59680391994;486,688081681018;0,2295801;0,00000;0,00000;3,387189;132,45990;35,23396;815,64950;121,15070;105,14380;1041,40400
1065;0,3036403;1609,96950818994;488,851607268467;0,231084;0,00000;0,00000;2,685789;132,70320;35,24257;818,80910;120,89500;105,16070;1043,23000
1070;0,302828;1611,11169130228;487,88977927349;0,2325879;0,00000;0,00000;3,372289;132,85570;35,23481;821,46010;120,70870;105,16520;1045,05000
1075;0,3039224;1602,88399439546;487,152426634717;0,2341284;0,00000;0,00000;3,699389;132,91280;35,21087;822,95950;120,61240;105,15490;1046,53300
1080;0,3076076;1591,4783257874;489,550751368914;0,2356507;0,00000;0,00000;3,353589;132,87400;35,17180;826,28130;120,61680;105,12820;1048,16700
1085;0,3106257;1579,34622656538;490,585590677675;0,2372096;0,00000;0,00000;3,518789;132,74360;35,11949;828,44260;120,72220;105,08500;1051,48600
1090;0,3121648;1567,29934625082;489,255621979601;0,2387685;0,00000;0,00000;2,160389;132,53030;35,05660;831,59580;120,91810;105,02670;1053,28700
1095;0,3137807;1552,41411606713;487,117625333463;0,2403457;0,00000;0,00000;5,269189;132,24650;34,98645;834,42410;121,18420;104,95570;1056,24400
1100;0,3145588;1549,23978002055;487,326977496599;0,2419046;0,00000;0,00000;5,226688;131,90770;34,91273;836,24870;121,49250;104,87560;1057,22800
1105;0,3142082;1545,27809471885;485,539083740112;0,2434818;0,00000;0,00000;8,333589;131,53130;34,83932;837,24580;121,80970;104,79070;1060,02400
1110;0,3133959;1544,00789688331;483,88583934422;0,2450591;0,00000;0,00000;-0,2372115;131,13550;34,76995;839,90680;122,10060;104,70550;1063,66400
1115;0,3125581;1542,53396734145;482,131415414838;0,2465996;0,00000;0,00000;2,352889;130,73790;34,70792;841,06320;122,33100;104,62460;1067,60900
1120;0,3072912;1546,6288626581;475,265433315604;0,2481585;0,00000;0,00000;4,742789;130,35460;34,65580;842,55710;122,47100;104,55210;1070,91300
1125;0,3058975;1543,98179294013;472,300218224795;0,2496808;0,00000;0,00000;4,569989;129,99920;34,61526;845,04360;122,49790;104,49110;1072,40100
1130;0,3044526;1541,91455496654;469,439826530892;0,2511846;0,00000;0,00000;4,887989;129,68210;34,58688;847,87160;122,39740;104,44410;1072,90500
1135;0,3011864;1541,21095095645;464,191780848255;0,2527252;0,00000;0,00000;6,107889;129,40980;34,57013;851,35350;122,16530;104,41210;1074,58700
1140;0,3019388;1542,87836599335;465,854864758547;0,2542107;0,00000;0,00000;8,868289;129,18550;34,56345;855,01120;121,80710;104,39500;1076,41900
1145;0,301973;1544,89031379204;466,515191374246;0,2557146;0,00000;0,00000;6,307689;129,00830;34,56436;858,17400;121,33730;104,39160;1078,91400
1150;0,2999125;1556,91082944863;466,936935865582;0,2572368;0,00000;0,00000;6,819689;128,87450;34,56975;861,99910;120,77780;104,39980;1082,88900
1155;0,2985615;1565,42419894486;467,375438867155;0,2587224;0,00000;0,00000;8,016889;128,77780;34,57612;863,98720;120,15510;104,41680;1086,85700
1160;0,2959195;1579,28136518374;467,340209482005;0,2601896;0,00000;0,00000;3,402089;128,71010;34,57992;865,14700;119,49820;104,43940;1091,99000
1165;0,2954407;1594,58349963494;471,104910454584;0,2616751;0,00000;0,00000;3,037488;128,66230;34,57784;867,64320;118,83560;104,46430;1091,97500
1170;0,2987667;1600,74588006683;478,249607911378;0,263179;0,00000;0,00000;3,172389;128,62560;34,56709;868,47220;118,19280;104,48880;1094,28800
1175;0,3044953;1605,01154711083;488,718479055296;0,2646829;0,00000;0,00000;6,451589;128,59140;34,54560;869,13350;117,59040;104,51030;1096,09000
1180;0,310583;1610,77611991148;500,279658836656;0,2662418;0,00000;0,00000;4,211389;128,55280;34,51217;870,64230;117,04270;104,52730;1095,59800
1185;0,316893;1612,01269649069;510,835487592761;0,2678373;0,00000;0,00000;5,931688;128,50470;34,46648;872,31030;116,55710;104,53930;1096,75600
1190;0,3217238;1613,87812256074;519,222979267353;0,2694329;0,00000;0,00000;5,740088;128,44400;34,40911;874,63750;116,13400;104,54640;1097,74400
1195;0,3217152;1616,6244743597;520,092728090995;0,2710469;0,00000;0,00000;5,431989;128,37010;34,34140;876,14600;115,76810;104,54990;1100,90200
1200;0,322442;1616,0886545222;521,094858401374;0,2726608;0,00000;0,00000;6,097689;128,28470;34,26530;876,98940;115,44950;104,55190;1105,36800
1205;0,3212535;1610,37657713269;517,339155116931;0,2742563;0,00000;0,00000;9,543989;128,19140;34,18314;877,48860;115,16530;104,55480;1109,33700
1210;0,3154394;1603,10002490382;505,680984945788;0,2758519;0,00000;0,00000;2,508089;128,09570;34,09742;879,16350;114,90180;104,56140;1112,95500
1215;0,3096938;1589,01195358896;492,107107520317;0,2773925;0,00000;0,00000;6,122088;128,00440;34,01059;878,84380;114,64630;104,57430;1114,93700
1220;0,30718;1567,52544339746;481,51252592873;0,2789147;0,00000;0,00000;4,014688;127,92470;33,92483;877,18540;114,38820;104,59590;1115,08600
1225;0,3048629;1548,53156605215;472,08991713673;0,2804553;0,00000;0,00000;5,061489;127,86420;33,84199;877,68960;114,12080;104,62750;1116,56800
1230;0,307257;1528,56991123893;469,663789556025;0,2819958;0,00000;0,00000;4,739189;127,83010;33,76346;875,03390;113,84120;104,66980;1117,36600
1235;0,3092748;1513,80758886068;468,182560158535;0,2835181;0,00000;0,00000;4,734089;127,82860;33,69018;874,70570;113,55130;104,72230;1119,98300
1240;0,310831;1507,06625172492;468,44281679281;0,2850953;0,00000;0,00000;4,743688;127,86470;33,62275;876,37620;113,25640;104,78340;1119,15000
1245;0,3127205;1502,97698488996;470,011736576603;0,2866542;0,00000;0,00000;5,067389;127,94170;33,56153;875,04580;112,96510;104,85050;1116,30900
1250;0,3140885;1498,11782604038;470,541633118237;0,2882131;0,00000;0,00000;5,770988;128,06130;33,50682;876,55550;112,68790;104,92030;1113,13800
1255;0,3096425;1496,66923389746;463,43236704028;0,289772;0,00000;0,00000;5,416289;128,22300;33,45898;878,05480;112,43580;104,98900;1110,61900
1260;0,3067012;1493,7537680625;458,136113730956;0,2913125;0,00000;0,00000;3,857289;128,42470;33,41870;880,55490;112,21880;105,05240;1111,07700
1265;0,3013403;1490,35895552513;449,105221740183;0,2927981;0,00000;0,00000;3,161589;128,66260;33,38698;882,55440;112,04500;105,10660;1110,21100
1270;0,2975697;1491,48296377874;443,820153709623;0,294302;0,00000;0,00000;4,024089;128,93120;33,36530;884,72640;111,91930;105,14830;1109,18100
1275;0,293782;1491,92935488021;438,302017631747;0,2957692;0,00000;0,00000;6,771288;129,22370;33,35553;884,72720;111,84250;105,17480;1107,50200
1280;0,2935255;1487,29141869937;436,557972664977;0,2972364;0,00000;0,00000;5,068588;129,53220;33,35986;884,89510;111,81130;105,18440;1105,48100
1285;0,2934913;1495,6839830266;438,970246484076;0,2986853;0,00000;0,00000;5,931289;129,84770;33,38063;884,56230;111,81810;105,17650;1101,66200
1290;0,2906954;1503,97247427515;437,197907190987;0,3001708;0,00000;0,00000;7,289289;130,16100;33,42012;883,06590;111,85180;105,15130;1097,18300
1295;0,287643;1514,28337537229;435,573056226209;0,3016013;0,00000;0,00000;4,728488;130,46270;33,48032;882,89170;111,89780;105,11030;1095,84100
1300;0,2856508;1532,62862902458;437,796678657235;0,3029951;0,00000;0,00000;3,209989;130,74370;33,56267;885,87920;111,93990;105,05560;1098,30600
1305;0,2810936;1544,47503888881;434,142101767318;0,304444;0,00000;0,00000;8,160089;130,99570;33,66785;887,86080;111,96080;104,98990;1100,77000
1310;0,2802643;1550,56178127618;434,567063974181;0,3058378;0,00000;0,00000;3,357489;131,21160;33,79564;893,67100;111,94360;104,91580;1108,52100
1315;0,2804438;1559,45657492108;437,339973213138;0,3072133;0,00000;0,00000;4,917789;131,38610;33,94481;899,81870;111,87280;104,83640;1111,63600
1320;0,2821282;1568,16970427348;442,424901142753;0,3086439;0,00000;0,00000;2,997089;131,51580;34,11309;908,13200;111,73530;104,75420;1118,39800
1325;0,2890452;1582,82837032061;457,509019717648;0,3100927;0,00000;0,00000;4,905088;131,59990;34,29727;911,62410;111,52110;104,67140;1122,82800
1330;0,2917385;1604,4709561518;468,086011439378;0,3115416;0,00000;0,00000;5,973289;131,63970;34,49331;919,10600;111,22370;104,58940;1127,10400
1335;0,2924995;1626,76969632449;475,829317250892;0,3130088;0,00000;0,00000;6,300689;131,63910;34,69653;922,27040;110,84050;104,50930;1130,87300
1340;0,2936538;1650,8162136722;484,768388201359;0,314476;0,00000;0,00000;6,978289;131,60400;34,90179;929,41970;110,37250;104,43150;1137,78600
1345;0,2968087;1679,09911201345;498,371304001987;0,3159615;0,00000;0,00000;4,906389;131,54170;35,10376;935,74270;109,82430;104,35600;1142,53800
1350;0,2988608;1701,98965768413;508,657947085614;0,3174471;0,00000;0,00000;4,734589;131,46090;35,29713;940,56370;109,20350;104,28270;1150,25000
1355;0,300853;1715,35227028233;516,068802381574;0,3189693;0,00000;0,00000;2,848789;131,37020;35,47681;942,39070;108,52010;104,21100;1155,49600
1360;0,3038968;1725,94759240309;524,509946935164;0,3204732;0,00000;0,00000;6,126689;131,27810;35,63813;947,21420;107,78610;104,14050;1162,71700
1365;0,3077272;1726,04094301566;531,149817034895;0,3220137;0,00000;0,00000;2,155488;131,19170;35,77703;948,88400;107,01500;104,07080;1165,98600
1370;0,3133532;1716,56872180695;537,892324637098;0,323591;0,00000;0,00000;2,520689;131,11690;35,89024;950,04050;106,22100;104,00160;1169,25100
1375;0,3222795;1701,05082697399;548,213874446537;0,3251866;0,00000;0,00000;4,046389;131,05710;35,97538;950,54880;105,41820;103,93260;1173,33600
1380;0,3280252;1684,14217767962;552,441086965362;0,3268371;0,00000;0,00000;3,707589;131,01370;36,03112;950,04170;104,62080;103,86370;1177,59800
1385;0,3331895;1666,39980479782;555,226884472743;0,3285061;0,00000;0,00000;6,118489;130,98580;36,05732;951,53320;103,84160;103,79450;1179,88300
1390;0,3363958;1650,67549134444;555,280257228997;0,330175;0,00000;0,00000;3,193888;130,97050;36,05505;951,36680;103,09220;103,72440;1182,17800
1395;0,3350192;1631,31952724979;546,523380412967;0,3318623;0,00000;0,00000;3,347989;130,96310;36,02661;951,69640;102,38210;103,65260;1183,98800
1400;0,3334032;1606,99385033623;535,776959926302;0,3335313;0,00000;0,00000;3,728489;130,95790;35,97554;951,19030;101,71820;103,57810;1185,96800
1405;0,3333263;1578,694654467;526,220419355862;0,3351818;0,00000;0,00000;5,896489;130,94870;35,90649;951,35440;101,10470;103,49900;1187,78500
1410;0,3318642;1548,70299621468;513,959082373355;0,3368508;0,00000;0,00000;3,723389;130,92890;35,82501;952,01090;100,54250;103,41360;1188,79300
1415;0,3316505;1512,65807276751;501,673738766463;0,3385197;0,00000;0,00000;1,119289;130,89290;35,73729;953,49450;100,02940;103,31970;1188,63400
1420;0,330556;1481,29406832352;489,650700027296;0,340152;0,00000;0,00000;4,069289;130,83550;35,64986;954,32780;99,56004;103,21480;1185,33300
1425;0,327384;1453,62811514738;475,894520588092;0,3418026;0,00000;0,00000;1,672689;130,75310;35,56916;956,47300;99,12618;103,09690;1181,35400
1430;0,3264948;1436,89908324412;469,14000330331;0,3434348;0,00000;0,00000;1,476389;130,64300;35,50116;956,79830;98,71761;102,96400;1179,37300
1435;0,3256483;1424,86495243101;464,004835856982;0,3450488;0,00000;0,00000;4,051188;130,50370;35,45097;957,28590;98,32269;102,81480;1177,56300
1440;0,3188937;1421,50821337067;453,310017204754;0,3466627;0,00000;0,00000;4,035388;130,33460;35,42249;959,10600;97,92952;102,64860;1174,91800
1445;0,312464;1420,61226306024;443,890215690493;0,3482216;0,00000;0,00000;1,647189;130,13600;35,41808;962,25930;97,52689;102,46590;1174,41400
1450;0,3045808;1422,58363908852;433,291668161153;0,3497255;0,00000;0,00000;2,834789;129,90840;35,43846;963,41320;97,10548;102,26810;1175,89300
1455;0,2959024;1430,70591862156;423,349372302915;0,3512293;0,00000;0,00000;6,447588;129,65220;35,48256;965,22940;96,65866;102,05780;1178,53800
1460;0,2913965;1443,63823641846;420,671171479699;0,3526782;0,00000;0,00000;0,9313886;129,36800;35,54763;966,22440;96,18336;101,83870;1184,32400
1465;0,2890538;1456,04886366486;420,87646615243;0,3541087;0,00000;0,00000;4,044489;129,05580;35,62935;970,21250;95,68034;101,61560;1195,06600
1470;0,2860527;1482,07472746554;423,951498656996;0,3555576;0,00000;0,00000;1,806289;128,71550;35,72214;973,03600;95,15424;101,39390;1206,12800
1475;0,285591;1513,40672590868;432,215338301873;0,3569881;0,00000;0,00000;4,053389;128,34690;35,81949;976,35710;94,61322;101,17990;1217,54100
1480;0,2864118;1547,755511586;443,295448636677;0,3584003;0,00000;0,00000;3,526889;127,94970;35,91436;977,68240;94,06821;100,97970;1230,76200
1485;0,287891;1580,0110108379;454,870912199196;0,3598492;0,00000;0,00000;4,371789;127,52410;35,99961;979,84900;93,53186;100,79940;1243,12400
1490;0,2913025;1601,08385541632;466,399688419062;0,3613163;0,00000;0,00000;5,776189;127,07100;36,06843;987,16350;93,01737;100,64470;1253,70000
1495;0,2925936;1615,13565618433;472,578281906741;0,3627652;0,00000;0,00000;4,727389;126,59230;36,11476;986,99280;92,53727;100,52010;1261,95300
1500;0,2919437;1625,76383061193;474,631573467573;0,3642324;0,00000;0,00000;5,587489;126,09110;36,13359;989,64560;92,10223;100,42890;1268,06900
1505;0,2941668;1632,08004077525;480,103709691906;0,3656996;0,00000;0,00000;8,167289;125,57200;36,12129;992,30910;91,72026;100,37290;1271,04700
1510;0,2973645;1632,19900804617;485,358052390952;0,3671851;0,00000;0,00000;3,713789;125,04090;36,07577;995,79770;91,39610;100,35190;1273,03900
1515;0,2993652;1628,18106546948;487,420805183327;0,368689;0,00000;0,00000;2,682089;124,50510;35,99661;996,29710;91,13115;100,36420;1270,40600
1520;0,3017165;1622,19857421513;489,444105563307;0,3701929;0,00000;0,00000;2,553289;123,97280;35,88506;996,11740;90,92377;100,40590;1267,10800
1525;0,3046578;1611,94186501248;491,090600966734;0,3717151;0,00000;0,00000;5,094989;123,45280;35,74398;995,11600;90,76992;100,47150;1261,50200
1530;0,308967;1600,39472600208;494,469181961521;0,3732557;0,00000;0,00000;5,953789;122,95360;35,57766;996,76930;90,66410;100,55380;1257,70100
1535;0,3097707;1587,24880092507;491,683205958221;0,3748146;0,00000;0,00000;5,949089;122,48330;35,39163;994,59570;90,60042;100,64480;1252,24500
1540;0,3074707;1572,60938695991;483,53137324934;0,3763551;0,00000;0,00000;4,409489;122,04870;35,19230;993,43080;90,57359;100,73550;1248,61000
1545;0,3046663;1559,70534776456;475,18967460506;0,377859;0,00000;0,00000;3,712789;121,65470;34,98664;989,26400;90,57979;100,81670;1247,14000
1550;0,3012805;1549,04471289674;466,696909501954;0,3793812;0,00000;0,00000;3,026589;121,30400;34,78184;985,76170;90,61721;100,87970;1247,29900
1555;0,3005623;1538,31547396172;462,359566309035;0,3808851;0,00000;0,00000;6,799189;120,99700;34,58481;983,59030;90,68616;100,91670;1247,96700
1560;0,299844;1533,24766703078;459,73517241854;0,3823707;0,00000;0,00000;2,201589;120,73140;34,40187;984,58980;90,78877;100,92160;1251,28200
1565;0,2979545;1531,43379998587;456,297530132966;0,3838745;0,00000;0,00000;1,337189;120,50270;34,23831;984,08620;90,92833;100,89010;1254,09500
1570;0,2982623;1532,75178157783;457,162011515399;0,3853601;0,00000;0,00000;3,546788;120,30470;34,09811;985,26310;91,10829;100,82070;1256,73500
1575;0,2980485;1539,40179241468;458,816409453011;0,3868456;0,00000;0,00000;5,267289;120,12950;33,98365;984,60310;91,33118;100,71430;1259,21100
1580;0,2954407;1545,79626834769;456,691169942461;0,3883312;0,00000;0,00000;4,729888;119,96880;33,89556;986,77830;91,59748;100,57460;1261,67900
1585;0,2928843;1551,23368519001;454,331914670337;0,3897983;0,00000;0,00000;2,470689;119,81410;33,83261;985,12300;91,90477;100,40790;1263,98800
1590;0,292679;1557,59167135696;455,874449408674;0,3912472;0,00000;0,00000;4,355589;119,65770;33,79182;984,30330;92,24719;100,22270;1264,96900
1595;0,2926278;1560,85672830727;456,74998773873;0,3927144;0,00000;0,00000;1,944789;119,49330;33,76859;983,47620;92,61537;100,02900;1265,78100
1600;0,2932605;1557,17856389662;456,658883876272;0,39420;0,00000;0,00000;3,323389;119,31620;33,75701;982,64820;92,99691;99,83742;1266,75600
1605;0,2943891;1555,46492687318;457,911860247195;0,3956488;0,00000;0,00000;7,104688;119,12400;33,75029;980,49080;93,37731;99,65882;1266,58600
1610;0,296424;1548,50056123856;459,012714760932;0,3971344;0,00000;0,00000;2,484089;118,91660;33,74124;979,00220;93,74136;99,50298;1265,61600
1615;0,298895;1541,37828824542;460,710229662282;0,3986382;0,00000;0,00000;-0,4060112;118,69620;33,72287;975,50980;94,07465;99,37790;1261,96500
1620;0,3014173;1536,14144336505;463,019542868689;0,4001421;0,00000;0,00000;3,345689;118,46700;33,68893;973,51700;94,36527;99,28912;1261,15200
1625;0,2984333;1531,19791976543;456,960397109187;0,4016277;0,00000;0,00000;3,381189;118,23500;33,63451;971,03100;94,60531;99,23920;1259,00600
1630;0,2946285;1526,71070824588;449,812430277064;0,4031132;0,00000;0,00000;2,652889;118,00780;33,55648;971,03320;94,79195;99,22740;1258,17600
1635;0,2917813;1525,65921092367;445,158788833445;0,4045621;0,00000;0,00000;5,071289;117,79370;33,45388;967,70970;94,92824;99,24971;1256,52300
1640;0,2901568;1519,44411337532;440,876985475376;0,4060109;0,00000;0,00000;4,421188;117,60140;33,32803;966,05320;95,02307;99,29913;1253,72700
1645;0,2878482;1514,79612932273;436,03139296252;0,4074598;0,00000;0,00000;2,160289;117,43950;33,18256;962,72580;95,09076;99,36623;1251,75500
1650;0,2869163;1510,87635299428;433,495000995247;0,4088903;0,00000;0,00000;4,414189;117,31590;33,02314;960,39870;95,14989;99,43987;1250,76200
1655;0,2839323;1507,79226477333;428,110875411181;0,4103025;0,00000;0,00000;4,077289;117,23720;32,85709;959,24270;95,22177;99,50809;1248,47400
1660;0,2800847;1508,99156063529;422,645456975789;0,4117147;0,00000;0,00000;1,795089;117,20860;32,69273;957,92420;95,32859;99,55917;1250,79800
1665;0,275613;1518,61961102564;418,55128965074;0,4130902;0,00000;0,00000;1,433389;117,23320;32,53874;956,42580;95,49140;99,58248;1251,32600
1670;0,272629;1534,99995454288;418,485507010939;0,4144473;0,00000;0,00000;1,132789;117,31220;32,40335;956,25840;95,72818;99,56946;1253,50200
1675;0,2711755;1551,9586899675;420,85315030381;0,4158045;0,00000;0,00000;4,029189;117,44440;32,29367;952,77190;96,05222;99,51423;1253,53900
1680;0,2734327;1568,00936689791;428,745054018762;0,41718;0,00000;0,00000;-0,7601113;117,62680;32,21498;951,28750;96,47090;99,41409;1257,20200
1685;0,2773658;1585,24247890857;439,692001721316;0,4185555;0,00000;0,00000;4,536388;117,85440;32,17036;948,46290;96,98500;99,26973;1259,23000
1690;0,2819657;1601,89972858221;451,680845614946;0,4199677;0,00000;0,00000;5,404489;118,12060;32,16027;946,81070;97,58868;99,08508;1260,90200
1695;0,2842657;1613,75236892245;458,734505953649;0,4213982;0,00000;0,00000;6,794888;118,41780;32,18264;946,64730;98,27002;98,86700;1263,24500
1700;0,2871728;1620,14533794605;465,26165628474;0,4228287;0,00000;0,00000;3,004189;118,73770;32,23293;947,98100;99,01215;98,62470;1267,40500
1705;0,2880706;1624,25733058158;467,900704003589;0,4242592;0,00000;0,00000;5,917889;119,07210;32,30461;947,15840;99,79484;98,36894;1270,58300
1710;0,29002;1629,90196041949;472,704110496311;0,4257264;0,00000;0,00000;1,990089;119,41310;32,38967;947,66080;100,59630;98,11121;1276,23500
1715;0,2919523;1634,1995847577;477,108309450066;0,4271753;0,00000;0,00000;6,790888;119,75390;32,47930;949,16810;101,39520;97,86278;1280,76000
1720;0,29344;1633,34356736725;479,288354938729;0,4286425;0,00000;0,00000;0,2823887;120,08900;32,56467;945,51170;102,17260;97,63393;1281,95200
1725;0,2927988;1625,6026600564;475,974432702512;0,4301097;0,00000;0,00000;4,895489;120,41440;32,63760;941,35660;102,91380;97,43322;1281,83700
1730;0,2921575;1613,73084668448;471,463564811149;0,4315769;0,00000;0,00000;3,388689;120,72820;32,69122;934,87390;103,60920;97,26688;1280,39000
1735;0,2923798;1594,48471916841;466,195114729987;0,4330257;0,00000;0,00000;4,732189;121,03010;32,72050;928,39400;104,25570;97,13855;1277,44300
1740;0,2933972;1565,13283985374;459,205679057326;0,4344929;0,00000;0,00000;4,225089;121,32140;32,72254;919,40880;104,85650;97,04912;1273,84200
1745;0,2939872;1532,26643180374;450,466730039058;0,4359785;0,00000;0,00000;4,393289;121,60520;32,69674;907,92940;105,42100;96,99680;1267,11500
1750;0,292166;1501,26443901182;438,618475825407;0,4374273;0,00000;0,00000;4,724389;121,88520;32,64473;899,11790;105,96400;96,97752;1258,56000
1755;0,289772;1473,95316330224;427,110371496187;0,4388762;0,00000;0,00000;5,756989;122,16630;32,57010;887,96580;106,50440;96,98525;1249,17500
1760;0,2863605;1445,22142051582;413,854363055213;0,4403067;0,00000;0,00000;1,452189;122,45310;32,47801;877,48490;107,06380;97,01273;1240,43700
1765;0,283368;1420,6850371649;402,576644142932;0,4417372;0,00000;0,00000;0,4071887;122,75040;32,37464;869,67020;107,66420;97,05203;1228,07800
1770;0,2789048;1404,79428098047;391,803875817811;0,4431127;0,00000;0,00000;2,137289;123,06170;32,26659;859,01370;108,32690;97,09525;1217,01400
1775;0,2737747;1397,29837497804;382,544978571995;0,4444882;0,00000;0,00000;3,187089;123,38980;32,16026;850,02730;109,07020;97,13515;1205,62700
1780;0,2658402;1400,88876858104;372,412578152585;0,4458271;0,00000;0,00000;1,645089;123,73530;32,06127;843,37390;109,90830;97,16571;1193,07800
1785;0,2576578;1406,63463989342;362,430341231064;0,4471109;0,00000;0,00000;4,038289;124,09700;31,97399;835,55220;110,84990;97,18254;1181,67700
1790;0,2515188;1412,30704587854;355,221755682355;0,448358;0,00000;0,00000;2,506689;124,47130;31,90112;828,05830;111,89730;97,18320;1171,61100
1795;0,2492103;1421,55825493681;354,266897813504;0,4496051;0,00000;0,00000;1,277689;124,85200;31,84347;820,74800;113,04650;97,16727;1160,21600
1800;0,245149;1421,22082049832;348,410795865313;0,4508522;0,00000;0,00000;5,074789;125,23020;31,79998;812,91850;114,28690;97,13641;1151,62800
1805;0,2419683;1407,87561615679;340,661283625786;0,4520443;0,00000;0,00000;1,291889;125,59460;31,76776;805,08920;115,60190;97,09406;1143,52400
1810;0,2371888;1399,1073557482;331,852589370536;0,4532181;0,00000;0,00000;2,163089;125,93160;31,74245;800,43120;116,97000;97,04520;1133,10800
1815;0,2325204;1398,33784259535;325,142112212806;0,4544102;0,00000;0,00000;3,347889;126,22620;31,71859;793,77010;118,36590;96,99587;1122,18600
1820;0,226826;1412,35511851672;320,358920557487;0,4555289;0,00000;0,00000;0,6275887;126,46200;31,69016;787,60190;119,76170;96,95271;1114,57400
1825;0,2199945;1422,03160867194;312,839119696207;0,4566293;0,00000;0,00000;4,743989;126,62260;31,65115;782,93760;121,12910;96,92238;1106,81600
1830;0,2175663;1437,00663097603;312,644150491194;0,4577114;0,00000;0,00000;3,162989;126,69220;31,59609;776,60910;122,44040;96,91107;1100,19700
1835;0,2184982;1457,34138965688;318,426495134694;0,4588118;0,00000;0,00000;6,637989;126,65680;31,52060;772,60030;123,67020;96,92402;1090,45900
1840;0,2188402;1482,64723172066;324,462850956903;0,4599122;0,00000;0,00000;7,139389;126,50470;31,42173;767,43210;124,79670;96,96507;1082,35100
1845;0,2197465;1512,04329045129;332,266279081009;0,4609942;0,00000;0,00000;4,579889;126,22780;31,29827;761,43160;125,80270;97,03645;1070,93900
1850;0,221183;1544,14433175284;341,538417720157;0,462113;0,00000;0,00000;4,921988;125,82180;31,15082;755,09120;126,67650;97,13853;1056,05500
1855;0,2249878;1577,08274192455;354,824319978733;0,4632317;0,00000;0,00000;8,856288;125,28670;30,98171;747,27190;127,41200;97,26992;1042,00400
1860;0,227245;1608,56734231186;365,538874581397;0,4643688;0,00000;0,00000;5,458389;124,62660;30,79479;741,11380;128,00860;97,42744;1026,95300
1865;0,226048;1635,98024970531;369,810023992791;0,4655059;0,00000;0,00000;2,529689;123,85000;30,59504;732,78550;128,47100;97,60651;1007,61200
1870;0,2255008;1656,51127928191;373,544571523468;0,4666246;0,00000;0,00000;2,523289;122,96880;30,38810;724,29900;128,80850;97,80140;986,44590
1875;0,2236197;1667,32738494945;372,847328385832;0,4677434;0,00000;0,00000;1,656389;121,99760;30,17972;716,80740;129,03360;98,00574;965,28030
1880;0,2224655;1665,77310662942;370,577011745585;0,4688621;0,00000;0,00000;5,603289;120,95330;29,97526;704,82300;129,16120;98,21300;944,77750
1885;0,220935;1649,59338127777;364,452916597394;0,4699625;0,00000;0,00000;4,592089;119,85320;29,77914;695,34650;129,20720;98,41695;924,42540
1890;0,2196525;1617,17220860675;355,215889024376;0,4710629;0,00000;0,00000;2,182488;118,71500;29,59448;685,37270;129,18690;98,61218;905,89370
1895;0,2214908;1567,7709320899;347,246775284345;0,4721633;0,00000;0,00000;1,119789;117,55500;29,42280;673,39090;129,11440;98,79453;886,19030
1900;0,2228502;1501,75546283757;334,666556164308;0,473282;0,00000;0,00000;-0,06601131;116,38770;29,26389;663,75480;129,00130;98,96131;865,65470
1905;0,2216532;1420,784985854;314,921564301001;0,4744008;0,00000;0,00000;4,365589;115,22520;29,11585;652,26920;128,85590;99,11166;846,61140
1910;0,2187205;1327,95398517248;290,450795464335;0,4754828;0,00000;0,00000;4,700389;114,07630;28,97531;644,63680;128,68280;99,24653;828,71960
1915;0,2180793;1227,8460228353;267,767760206565;0,4765649;0,00000;0,00000;2,472289;112,94700;28,83778;632,33400;128,48300;99,36862;811,48560
1920;0,2113332;1126,48379811934;238,063453983086;0,4776286;0,00000;0,00000;1,127989;111,84010;28,69806;621,35570;128,25370;99,48227;794,27900
1925;0,1966527;1031,12839604518;202,774161764784;0,4786373;0,00000;0,00000;4,382988;110,75540;28,55082;612,54430;127,98890;99,59311;776,90500
1930;0,1736101;949,878839538336;164,908576946359;0,4794626;0,00000;0,00000;4,064189;109,69040;28,39112;603,57210;127,68000;99,70766;762,31560
1935;0,1420602;891,113378815343;126,591734208144;0,4801962;0,00000;0,00000;4,730489;108,64060;28,21491;594,75920;127,31660;99,83290;748,73300
1940;0,1105445;862,53621685718;95,3485980184553;0,4807647;0,00000;0,00000;4,366189;107,60030;28,01949;589,27620;126,88730;99,97572;734,82240
1945;0,08433834;869,976265728439;73,3723612647383;0,4811499;0,00000;0,00000;5,041489;106,56310;27,80380;582,78910;126,38070;100,14240;723,08140
1950;0,06132143;915,879947836637;56,1630718948822;0,48148;0,00000;0,00000;4,214088;105,52260;27,56863;577,79820;125,78610;100,33820;710,48650
1955;0,05156576;997,138957279422;51,418221476162;0,4817368;0,00000;0,00000;8,850889;104,47290;27,31656;572,13780;125,09430;100,56670;699,89790
1960;0,04820556;1102,64406507679;53,1535719142005;0,4819569;0,00000;0,00000;1,831789;103,40950;27,05186;569,97280;124,29800;100,82990;693,43230
1965;0,03955284;1209,7081497752;47,8473927843059;0,482177;0,00000;0,00000;-0,08821125;102,32920;26,78016;565,97630;123,39240;101,12770;688,29610
1970;0,02685164;1281,24848755495;34,4036256035067;0,4823236;0,00000;0,00000;0,4408887;101,23060;26,50804;562,98430;122,37550;101,45790;684,65300
1975;0,01169229;1259,75109874475;14,729369009664;0,4823604;0,00000;0,00000;4,076789;100,11460;26,24245;560,48210;121,24780;101,81640;682,67130
1980;-0,001385119;1062,42778468487;-1,47158880394108;0,4823604;0,00000;0,00000;5,937689;98,98408;25,99026;561,97420;120,01300;102,19760;682,48930
