timestamp;Barbell velocity;Barbell force;Barbell power;Barbell position;Gulv stor sway X;Gulv stor sway Y;Gulv stor Newton;Gulv h sway X;Gulv h sway Y;Gulv h Newton;Gulv v sway X;Gulv v sway Y;Gulv v Newton
-500;-0,02189115;544,784044751513;-11,9259484079463;0,005483747;279,31270;209,65300;182,78890;109,27300;83,00343;170,12110;113,06560;114,89190;178,98450
-495;-0,01527336;542,721765784643;-8,28918418049153;0,005410373;278,96490;211,63280;176,28130;108,47470;82,56456;168,78810;113,33220;115,13180;178,15160
-490;-0,009677308;543,823872795505;-5,26275075471705;0,005355299;279,70350;211,37220;173,12840;108,66680;83,31612;169,79380;112,02710;114,78430;177,31560
-485;-0,005339548;545,204713897869;-2,91114674436019;0,005337;278,28200;214,54730;168,60980;108,80800;82,86690;169,12390;111,22990;114,76710;174,81670
-480;-0,002342732;545,240179443813;-1,27735160491477;0,005318701;277,39660;216,77870;165,76090;107,91470;82,71627;168,78550;111,55410;114,60670;175,97840
-475;-0,0005130071;542,961961970461;-0,278543348993075;0,005318701;278,16140;220,25490;161,25070;107,69060;82,53417;170,43400;112,03690;114,25680;173,97320
-470;-0,0001710023;538,340204175838;-0,0920574222381784;0,005318701;277,19390;223,27210;157,74370;107,72720;82,15854;169,93130;111,27590;114,25620;170,97740
-465;0,0003420047;531,644148134359;0,181824788249373;0,005318701;275,90890;223,73130;154,73470;106,84930;82,77776;169,60950;111,76860;114,01570;170,64130
-460;-0,0001282518;523,442820336455;-0,0671324609014686;0,005318701;273,54750;226,97620;149,88720;108,14040;81,90830;171,41320;111,71130;114,42790;168,64170
-455;0,00000;514,405087326052;0,00000;0,005318701;273,15600;230,61110;148,03670;106,83960;82,16150;169,59650;111,54970;113,76130;168,46950
-450;0,00000;505,247343193458;0,00000;0,005318701;272,34010;230,73570;145,37550;106,08730;81,40154;168,58880;111,04720;114,09960;167,97190
-445;0,00000;496,628048531135;0,00000;0,005318701;270,59600;232,02260;143,53460;106,93910;82,08638;169,42930;110,52540;113,45750;164,97640
-440;-0,0001282518;489,089783642997;-0,0627266236197804;0,005318701;268,13360;235,16670;141,34800;106,45920;81,77414;169,75260;111,82510;114,07470;164,30510
-435;-0,00004275058;483,059658217659;-0,020651083148256;0,005318701;269,65790;237,28140;139,85040;106,42430;81,86057;168,92680;110,06720;113,02670;163,96890
-430;0,0009832635;478,815537096435;0,470801827076481;0,005318701;269,47700;236,81630;137,85390;107,06330;81,61639;170,08070;111,13650;113,60330;161,97120
-425;-0,0008550117;476,493528775891;-0,407407559645912;0,005318701;268,48650;240,01910;138,00920;106,34700;81,08018;169,90320;109,69980;112,79400;161,97220
-420;-0,004565762;476,097935330798;-2,17375008745401;0,005300224;264,67110;241,03830;137,15920;106,48500;81,53423;170,57340;110,95530;113,58650;160,13540
-415;-0,01270547;477,51636337994;-6,06707171952521;0,00522691;266,20680;241,50200;135,66280;105,82980;81,44029;172,05350;110,55750;113,21140;161,13380
-410;-0,02103329;480,541815565573;-10,1073743487231;0,005135238;264,90460;242,08480;136,32780;106,09620;81,12683;173,37070;111,77340;113,23300;160,63170
-405;-0,02626596;484,894629534314;-12,7362226859326;0,004988492;264,50860;240,59090;138,66280;105,66010;80,89251;174,52060;110,90250;113,07070;160,63350
-400;-0,02751428;490,248283207375;-13,4888266156774;0,004860103;265,35660;240,42680;139,99070;105,19120;81,18681;174,85270;109,75130;112,97960;161,46990
-395;-0,02529125;496,252437803926;-12,5508422399461;0,004731774;263,30650;240,12460;142,15000;105,26130;80,87769;176,49930;110,35040;112,86490;163,97300
-390;-0,02072548;502,555294758136;-10,4157011116395;0,004621744;262,99150;238,99750;142,32090;105,74790;80,50011;178,31010;109,31390;112,91290;162,96690
-385;-0,02077678;508,822669585125;-10,5716985101393;0,004530072;262,31400;239,97000;144,47750;105,32770;80,41605;180,78350;109,73530;112,52540;164,46580
-380;-0,02153774;514,75456771455;-11,0866521355035;0,004419923;261,33700;240,23820;144,30000;105,09590;80,62594;181,60920;110,28330;113,18740;162,80210
-375;-0,02362397;520,09772177476;-12,2867742062258;0,004291654;260,36810;237,62810;146,64130;105,44650;80,25945;184,08050;109,90310;113,04960;164,63840
-370;-0,02380352;524,654512279214;-12,4886265623389;0,004181564;259,82700;237,77380;147,30720;104,82570;80,39866;184,74260;110,00110;112,54240;162,79750
-365;-0,021837;528,288038438667;-11,5362248512922;0,004071474;257,40180;237,09680;147,96590;105,85870;80,74790;185,57900;109,94000;112,28650;162,46650
-360;-0,01804075;530,923497764839;-9,57825619391599;0,003979802;257,44890;235,75020;148,30470;105,35440;80,59911;186,89330;110,31540;112,67190;159,80110
-355;-0,01364599;532,546142030364;-7,26711763931735;0,003906429;253,76190;234,32640;150,46010;106,10560;80,46201;186,89620;110,71690;112,71580;158,80100
-350;-0,009046024;533,196186528677;-4,82330548631291;0,003869772;255,51880;232,46590;153,47000;105,45320;80,25639;185,40320;111,83170;112,87730;157,63530
-345;-0,006694742;532,961148654242;-3,56803719811213;0,003833115;254,10860;230,89070;155,80110;105,47710;80,17889;187,54610;112,12840;112,45140;158,46600
-340;-0,007464252;531,966165895089;-3,97072962099154;0,003796399;252,30070;229,81250;157,29150;106,00570;80,66900;187,06280;112,13460;112,56230;155,96280
-335;-0,007763506;534,528153014045;-4,14981268331266;0,003759742;252,06630;227,67040;159,30150;106,38420;80,25427;186,39740;112,73650;113,26010;154,30410
-330;-0,005198471;534,510994877262;-2,77864000155712;0,003723025;250,48910;225,49110;160,30590;105,23250;80,32289;186,22810;112,93580;112,30380;152,79580
-325;-0,002137529;533,157132522683;-1,13963897496996;0,003723025;250,23930;225,38100;161,96750;106,38340;79,83466;185,06670;114,10830;112,98840;151,63390
-320;0,0001710023;529,96812066818;0,0906257895037174;0,003723025;249,91960;224,49490;161,80050;107,42350;79,76630;184,57520;114,62810;112,88600;150,13480
-315;0,0006840093;526,010688643131;0,359796237445928;0,003723025;249,22300;222,01570;164,13910;107,21380;80,26278;184,08960;114,26120;113,13780;149,79890
-310;-0,0002565035;521,404318247487;-0,133742038857681;0,003723025;249,67080;221,61600;164,97380;107,22370;79,83880;182,76030;114,49140;112,60280;147,46610
-305;0,00000;517,909221723656;0,00000;0,003723025;250,31120;221,88900;165,30300;106,28300;80,41300;181,77770;114,87900;113,16280;146,96670
-300;0,00000;515,247704883827;0,00000;0,003723025;250,30230;220,24510;166,81080;106,58720;80,20734;178,63770;114,86060;112,90590;144,96120
-295;0,00000;513,756585805168;0,00000;0,003723025;251,47230;218,00650;167,15770;107,71240;80,27875;179,80080;114,87860;112,82660;144,12790
-290;0,0001282518;512,268033002926;0,0656992748024249;0,003723025;250,28680;219,53230;166,82040;106,43320;80,28525;177,15250;115,27570;113,21670;143,63140
-285;-0,0004702564;511,182764216812;-0,240386986307658;0,003723025;250,71840;215,40850;169,16170;107,83640;80,79697;178,32670;114,45450;112,90460;142,62480
-280;0,0002565035;510,466737612363;0,130936511010826;0,003723025;250,15690;215,55720;167,66350;107,78420;81,19400;174,53440;115,12070;113,74850;141,79940
-275;0,001154266;510,252005370896;0,588966441465281;0,003723025;250,04670;215,05080;169,99220;108,59800;80,37029;175,34870;115,57340;112,66550;142,45370
-270;0,001530471;510,699309197388;0,78161045975391;0,003741384;249,48960;214,70000;169,99490;108,35270;80,22500;174,02350;115,45800;112,63660;141,79050
-265;0,001154266;510,185255841158;0,58888939476564;0,003741384;252,71580;214,98870;171,16990;108,30210;80,97813;173,70900;115,30410;113,35650;139,95560
-260;0,0002565035;508,694226504212;0,130481855686339;0,003741384;250,76990;213,43590;171,00170;108,70650;80,22913;173,03500;115,46620;113,03420;138,95260
-255;-0,0004702564;505,966228491267;-0,237933876794172;0,003741384;251,85160;213,44590;171,01190;108,82600;80,84890;170,73650;115,77750;112,92590;139,78750
-250;0,00000;503,618414979223;0,00000;0,003741384;252,22000;212,81220;171,50900;108,70100;80,54650;170,06990;116,00690;112,23460;141,12050
-245;0,0003420047;501,824049319925;0,171626174813042;0,003741384;253,83650;212,68910;173,00840;107,85640;80,93375;169,24620;116,93710;113,43070;140,79240
-240;-0,00004275058;501,622678868836;-0,0214446631469723;0,003741384;252,29640;213,57220;170,33970;107,89690;81,32346;168,75730;115,75290;112,81940;140,62370
-235;-0,001111515;503,155927252265;-0,559265466638038;0,003741384;255,27860;211,15190;172,03100;107,62060;80,70503;168,74540;116,11890;112,82240;141,78250
-230;-0,001359469;503,856472036092;-0,684977074815324;0,003723025;256,33820;212,25470;171,68740;109,16360;81,33466;168,10640;116,35800;113,34850;142,29440
-225;-0,004907767;503,161787795779;-2,4694009093864;0,003704727;255,59430;213,03530;172,18510;109,42260;81,17698;168,10030;115,31950;113,06040;141,95980
-220;-0,009772784;501,470593023066;-4,90076364431745;0,00366807;257,08810;213,93550;171,18460;108,30690;81,10635;167,27110;116,43770;113,56070;141,79710
-215;-0,01423594;499,292896518305;-7,10790617092637;0,003576398;256,20130;213,50140;170,67880;108,79900;81,26610;166,94560;116,19560;113,29420;143,29570
-210;-0,01689503;497,840527100575;-8,41103123010976;0,003503025;258,65720;214,63810;168,69280;109,90590;81,82626;166,13600;115,33080;113,68620;143,96450
-205;-0,01428725;497,734167792053;-7,11125023791542;0,003429651;259,59480;214,92030;167,36040;108,86840;81,04660;165,12520;114,41580;114,15530;144,29900
-200;-0,009977986;497,727515573374;-4,96631833268829;0,003374577;262,17730;215,70850;167,86170;107,92220;81,70218;163,15240;114,84930;114,53670;144,97260
-195;-0,009088774;498,832530961784;-4,53377614752581;0,00333786;261,54290;216,21290;167,19100;108,86690;81,20417;165,12740;115,47120;114,60450;145,80580
-190;-0,01061925;499,323334170981;-5,30243683256978;0,003282905;263,58840;215,86810;165,53750;109,56070;81,54794;162,82510;115,46530;115,50540;145,81130
-185;-0,01407349;500,25568759509;-7,04034474183976;0,003209531;264,66250;217,83960;164,86440;108,40350;82,11928;162,00470;116,32550;114,87080;149,14010
-180;-0,0180835;500,46419406114;-9,0501428939442;0,003117859;266,45520;217,24480;165,87120;108,51370;81,55832;161,83090;115,33670;114,24610;148,80380
-175;-0,01979352;501,234901278603;-9,92120329500555;0,003026068;266,77310;218,61270;163,20700;108,21730;81,81248;161,01120;115,60310;114,73100;150,47580
-170;-0,02021248;501,549633314786;-10,1375599003731;0,002916098;268,80890;219,11720;163,37010;109,55540;82,28304;162,01370;114,77880;115,44520;151,14880
-165;-0,01902401;502,667864548114;-9,56275848119049;0,002824426;268,49250;218,61420;163,21180;108,33010;82,12282;161,67220;114,34780;114,97250;151,31140
-160;-0,01863926;504,75162980985;-9,40819431463057;0,002732694;271,28070;220,05560;161,88030;108,94080;82,19476;162,50640;115,26670;116,01290;151,31510
-155;-0,0185965;508,255945696337;-9,451783798203;0,002641022;273,59880;220,79860;161,88210;108,31910;82,21824;160,85060;113,75760;114,74410;154,14400
-150;-0,02085373;510,801598483001;-10,6521208633184;0,002530992;275,92080;220,71540;162,22240;108,69260;82,33210;159,04050;114,40250;114,89960;155,31110
-145;-0,02350427;511,082328796114;-12,0126173909353;0,002420902;277,04530;221,34900;161,22460;108,45030;82,48666;159,36790;113,60690;114,30880;156,81060
-140;-0,02503474;507,584359370845;-12,7072433721007;0,002292514;276,76110;222,69700;161,04980;108,43700;82,62763;160,69420;112,23820;114,33080;157,47530
-135;-0,02456449;503,653391907058;-12,3719864413428;0,002164066;279,33990;220,78480;160,57280;109,49720;82,61156;161,68980;112,99450;114,17320;159,30890
-130;-0,02341877;503,776268316438;-11,7978203208437;0,002054095;279,06780;222,33430;161,06450;108,55290;82,71279;160,53200;113,95900;114,90430;157,13950
-125;-0,0219225;509,329323185988;-11,1657714532878;0,001944125;278,80280;221,75020;162,56540;108,58600;82,19860;162,17360;113,68890;114,35550;159,97410
-120;-0,02119574;518,026705298696;-10,9799586671878;0,001833975;279,38210;222,29070;161,89290;108,25830;81,95058;162,66440;112,93890;114,08120;158,97500
-115;-0,0222645;523,956497779065;-11,6656313141656;0,001723945;279,67460;221,60200;162,39600;109,01470;82,09605;163,65910;113,17160;113,88980;159,47100
-110;-0,02350427;524,838921247189;-12,3359559950463;0,001613975;279,95630;222,20680;162,23140;108,15900;81,45683;163,64380;112,76740;114,30150;157,97710
-105;-0,02349572;521,668642415784;-12,2569806598285;0,001485527;277,68200;223,13030;162,88290;108,33930;82,17224;163,82290;112,76150;113,44190;159,64110
-100;-0,02256376;517,147120219922;-11,6687825126325;0,001375556;280,23860;222,81270;162,06680;107,59420;81,93408;163,64980;111,82450;114,24090;160,13990
-95;-0,01953702;513,936896692492;-10,0407938659143;0,001283765;279,07940;225,31970;159,71080;107,09840;81,92940;163,97890;111,24030;113,84700;159,30750
-90;-0,01628797;514,139478302951;-8,3742898921416;0,001192093;279,66150;223,45080;161,05820;108,63900;82,08049;164,64760;112,57910;113,69600;161,13850
-85;-0,01638202;515,863951327457;-8,45089582308979;0,00111872;280,82200;224,38700;160,39200;107,10090;81,03535;166,10800;113,93990;113,86750;158,80640
-80;-0,01885301;517,778649656686;-9,76168473997886;0,001027048;281,41150;224,94980;159,72250;107,49430;82,17175;163,82060;112,52610;114,29320;159,14350
-75;-0,02016973;515,955160974071;-10,4066738419612;0,0009170771;282,27890;225,75440;160,22800;108,27660;82,22403;165,64110;112,69910;112,99630;160,97000
-70;-0,02222175;512,718344098523;-11,3935004213375;0,0008069873;280,24890;224,75660;160,38510;108,24380;81,88972;166,95380;111,70960;113,72760;159,47290
-65;-0,02039203;507,426787834485;-10,3474613659725;0,0007153153;281,10980;224,34420;161,22940;106,93250;81,42989;165,94990;112,64470;113,32440;159,80660
-60;-0,01897271;502,641006640508;-9,53646163663781;0,0006052256;281,98800;225,61380;160,06040;107,93950;81,03678;166,11170;112,23720;114,33030;157,47780
-55;-0,01723704;501,690189416155;-8,64765167744363;0,0005318522;282,27840;226,42920;159,22900;108,28810;81,50523;166,45250;112,00680;113,32870;158,63410
-50;-0,01688648;505,775438498248;-8,5407673200164;0,0004401803;281,40690;227,42090;159,05390;107,94930;81,66605;166,12470;112,70010;113,58190;160,14010
-45;-0,01569802;513,382271689597;-8,05908259923044;0,0003668666;282,28890;226,22380;159,88980;107,85520;81,02849;167,10190;112,23970;113,04440;159,96630
-40;-0,01684373;522,840462597715;-8,80658380743969;0,000275135;281,40060;226,48440;158,39100;108,19080;81,02525;167,43190;112,46830;114,10220;159,63830
-35;-0,01646752;529,564865365772;-8,72062289787072;0,0002018213;280,82990;226,17780;159,38310;109,03730;82,38081;170,43330;111,65150;113,76880;160,80810
-30;-0,01769874;535,458307091254;-9,47693851725786;0,0001100302;282,00970;227,41230;159,04850;106,83510;81,54606;169,58490;111,77120;113,36950;162,30330
-25;-0,01454375;544,71764878257;-7,92223669068429;0,00003677607;284,30760;226,99590;161,72680;106,83770;81,73367;173,05490;111,88420;113,36500;164,63850
-20;-0,009122974;555,375601248695;-5,06667750255902;-0,00001829863;280,27670;226,13320;163,38240;107,22960;81,31813;177,17720;111,49060;113,98520;168,14230
-15;-0,002479534;568,473473138429;-1,40954917316775;-0,00001829863;282,54680;224,20350;165,06350;107,94120;81,12860;182,46110;111,87770;113,72620;171,31030
-10;-0,0003420046;582,583164456484;-0,199246129265155;-0,00001829863;283,09920;224,64350;168,72280;106,94160;81,37058;186,75090;111,45110;113,75190;176,14590
-5;0,0009405126;595,889724698031;0,56044180616247;-0,00001829863;281,18310;224,93200;173,54540;107,09300;81,19228;191,70450;110,98780;113,57410;178,98100
0;0,004095506;607,726286059202;2,48894700092408;0,00000;281,45070;222,91870;176,71930;105,45380;80,90614;193,34060;111,81620;114,15190;180,15560
5;0,01701473;618,601161366168;10,5253334347155;0,00009167194;280,66380;222,73610;179,55560;106,38580;80,74899;197,30210;111,76950;113,46190;181,48280
10;0,03924504;626,598777742975;24,5908914008274;0,000275135;280,42370;222,20140;181,05050;107,67720;80,28002;200,10630;111,76810;113,66590;182,31820
15;0,065853;635,525215900538;41,8512399996237;0,0006052256;278,68970;219,36540;185,55020;107,36110;80,27175;202,41470;111,25060;114,33180;181,48800
20;0,08602272;644,615344150613;55,4515662670767;0,001045346;278,97590;218,99180;188,05310;107,01130;80,06928;206,53550;112,27920;113,29310;183,15010
25;0,09361523;654,45124048956;61,2666006027933;0,001522303;277,80510;218,04010;191,88810;107,12740;79,87702;209,33840;111,62070;112,96710;182,97720
30;0,09379478;661,002795266123;61,9986108743199;0,001980722;278,36120;216,32100;195,89340;107,64980;79,75056;211,31610;112,07730;112,92750;185,14100
35;0,09729178;664,045857737026;64,6062005583362;0,002457559;277,27440;214,48000;200,05220;108,06680;79,62755;216,92660;112,57800;112,70470;185,97500
40;0,1113995;663,486206855409;73,9120085848661;0,003026068;276,45900;214,26310;204,71800;108,33770;79,08889;218,06940;112,17610;112,58620;186,64120
45;0,133416;661,580360601019;88,265414281889;0,003686368;275,85210;211,84740;207,89460;108,20880;79,21281;220,05340;112,57090;112,40710;187,64530
50;0,15704;660,88620330431;103,785561031746;0,004474998;273,03260;211,88480;210,38400;107,64150;79,15491;221,20380;111,97940;112,03040;187,80170
55;0,1766198;663,042896595069;117,106472750621;0,005355299;272,79700;211,52620;209,87880;108,17810;78,51616;222,68000;112,22090;112,37160;188,64540
60;0,1891115;663,157680074402;125,410725594762;0,006308973;272,96810;210,03060;214,22140;107,76020;78,74939;222,68240;112,36920;111,91980;189,64160
65;0,194575;662,50532316553;128,906972557865;0,007280946;274,28720;209,98530;214,56110;107,81220;78,98522;223,01930;111,67650;112,69410;189,97990
70;0,199611;658,045732990689;131,353179062381;0,008271396;275,63600;209,47330;216,23770;107,37690;79,15790;222,19510;111,44010;112,11840;193,31180
75;0,2081782;650,011368576908;135,318221063596;0,009316742;274,56000;209,30940;216,40080;107,17630;79,03616;220,86990;111,44130;112,51190;194,98010
80;0,224945;642,920612051112;144,621789740882;0,01043546;276,49100;208,92280;216,24850;108,37710;78,97620;219,72100;111,24900;112,91680;196,15530
85;0,2411047;637,850383292697;153,788751608038;0,01164597;278,86250;209,73850;215,41980;107,31520;79,74827;218,91110;111,72260;113,37420;196,98980
90;0,2582477;632,354302777528;163,304061462581;0,01294816;281,01680;210,69770;212,76400;107,81560;79,62937;216,59940;112,76030;112,78350;198,48560
95;0,2738346;628,903151138795;172,215434880983;0,01428688;281,01880;210,17720;212,42970;108,00140;79,32545;215,76450;112,28350;112,89860;200,15980
100;0,2835304;623,932634162128;176,903881799843;0,01573581;283,68060;212,19500;210,43410;108,22530;79,75094;213,63130;112,47230;113,42610;198,99180
105;0,290285;618,715029472433;179,603700271324;0,01718462;283,24070;211,25490;209,10410;107,77760;79,81265;212,80630;110,88240;113,10860;199,32350
110;0,2978861;612,994733469004;182,602591303101;0,01865178;283,25490;211,62020;206,77180;108,16490;79,62939;210,32850;111,11870;112,97710;199,31760
115;0,3051622;606,059714632736;184,946520988334;0,02019233;283,52210;213,32970;202,59980;107,65790;79,94077;209,17820;110,82390;113,31790;197,32680
120;0,3184747;597,908038812703;190,418603880897;0,02178794;283,53960;213,67170;200,59940;107,29140;80,19547;206,87050;111,01490;113,56430;197,82410
125;0,32953;591,760422195413;195,002834366885;0,02342016;285,41610;214,15350;199,60880;107,05930;80,39228;204,72810;110,40100;113,52790;197,65790
130;0,3333092;587,403158118206;195,786879555901;0,02510744;283,81380;215,66160;197,09390;106,89490;80,39530;203,73620;111,53370;113,45040;197,32250
135;0,3387385;583,471659664663;197,644334990356;0,02679473;282,62850;215,66410;196,25830;107,60840;80,27686;201,09650;111,91110;113,67550;198,32040
140;0,3417738;577,338313160146;197,31912265816;0,02848202;282,16000;216,79020;193,58690;106,61690;80,99773;199,95360;110,77020;113,58790;196,15840
145;0,3448604;568,071735637038;195,905451232488;0,03024268;285,34370;217,30530;191,75770;106,45790;80,74997;197,63740;111,62340;114,15970;196,32670
150;0,3500503;554,026664214314;193,937214802392;0,03196669;283,65520;219,73860;189,91470;106,64560;81,03345;194,66980;111,15030;113,75890;196,32550
155;0,3546417;542,776327080329;192,491138615532;0,03374565;283,92490;218,76300;187,75150;106,76400;81,65459;193,20210;111,19370;113,67060;194,15200
160;0,3588655;535,190742613624;192,061489567511;0,03554296;283,67870;221,05660;188,24230;107,06780;81,39334;192,20640;110,61360;114,38580;194,32520
165;0,3635167;534,022276659646;194,126043385358;0,03735858;284,21490;220,76020;185,24470;107,26550;81,54557;190,55930;111,23740;113,77190;192,81890
170;0,3623625;536,644069346102;194,459678848629;0,03917426;283,73420;221,87230;183,24010;105,98520;81,42088;188,89760;111,23300;113,85240;191,99020
175;0,3604473;535,953594510457;193,183001862629;0,04097164;283,97950;221,18660;184,07510;106,70310;81,09290;186,74760;111,52270;114,01060;191,49160
180;0,3577967;529,193653222725;189,343752814761;0,04276896;286,03230;222,16280;182,75230;107,29830;81,58454;186,59540;110,78770;114,23330;190,65640
185;0,361687;518,540561782291;187,549393055704;0,04456615;286,83380;222,27340;181,58720;106,84200;81,80009;186,10370;111,47190;113,96150;189,48820
190;0,3677832;507,716011481953;186,729449517459;0,04640031;286,61710;222,88730;179,75680;106,43980;81,74519;184,61320;111,26790;114,15240;187,32270
195;0,3735289;502,946040493199;187,864899076423;0,04828918;286,39440;224,26230;178,91220;106,81760;81,61086;183,95080;111,17470;113,82860;188,31730
200;0,3740163;502,658257388425;188,002374233655;0,05014157;286,13260;224,04920;179,07650;106,99730;81,27894;181,46910;111,02390;113,45180;187,31600
205;0,3685442;503,879320928121;185,701806835761;0,05199397;284,54980;223,38390;179,08130;106,91440;80,97484;183,77480;111,66640;114,02350;184,98530
210;0,3595495;503,088110780744;180,885079122029;0,05379122;283,24140;224,09880;179,57540;106,69310;81,47500;183,28640;112,12200;113,71690;185,48040
215;0,3567792;496,990528949481;177,315913400601;0,05557019;281,68550;223,59220;180,23470;106,27110;81,34422;182,29620;111,16040;113,96790;184,14960
220;0,3537525;486,610624486372;172,139736114085;0,05733085;280,92620;225,54940;179,71780;106,92790;81,42419;181,13880;111,41550;113,48020;183,31120
225;0,3546332;475,342338852878;168,57216861475;0,05912817;279,63460;223,59020;181,55660;106,92520;81,27003;182,45930;112,02910;113,31740;181,47690
230;0,3541031;466,841581763282;165,310041507854;0,06087053;277,02190;222,91470;180,21790;106,41940;81,13631;181,13240;112,03320;112,90170;179,80860
235;0,3479384;462,517080773682;160,927476374254;0,06263113;273,79510;223,90820;177,53780;107,48100;81,21405;180,64310;112,67180;112,51670;177,13640
240;0,3407393;461,293086996353;157,180657212977;0,06433678;274,27060;222,04540;176,88840;107,63440;80,41917;180,79320;111,07840;113,37220;174,63900
245;0,3353356;460,793497113831;154,520445392879;0,06598735;271,34780;223,01080;176,37000;106,84740;80,49534;179,96790;112,37020;113,00390;172,63240
250;0,3285297;460,433766162346;151,266154134195;0,06765628;270,34740;221,40380;177,37170;107,71530;81,00401;179,81460;112,59190;112,45890;172,29340
255;0,3241948;459,442753435317;148,948935241816;0,06927013;268,19460;222,58160;176,69260;107,36050;80,64050;179,97210;112,10640;112,49520;170,13210
260;0,3198855;455,243461692804;145,625784563829;0,07086581;269,54180;222,63690;177,20230;107,36400;80,78595;179,97570;112,21870;112,14100;169,96280
265;0,3160892;450,053246048097;142,256993843515;0,07244301;268,90530;220,59670;179,37060;107,46140;80,91546;181,95720;112,38440;112,26980;169,29790
270;0,3140372;445,840276931869;140,01043814727;0,07402027;266,88760;221,43820;180,02210;107,67440;80,49390;180,29990;111,94750;112,39770;167,45800
275;0,308454;444,299546295997;137,045972113451;0,07556081;266,84840;217,98490;182,86800;107,45710;80,34175;181,94560;113,22580;112,44010;167,62660
280;0,2974073;445,33009540834;132,444402958367;0,07704633;266,98820;219,59180;184,52870;107,85090;80,54984;183,43690;113,51360;112,21110;166,79240
285;0,2838382;446,783427849288;126,814214403846;0,07847691;262,36480;220,38510;183,84090;108,50810;80,05250;183,59480;112,23410;112,42870;164,12520
290;0,2754933;446,226458600921;122,932399430115;0,07983398;262,17470;220,10170;184,33410;107,58670;80,12062;184,74990;112,58640;112,14080;161,95830
295;0,2700212;448,384043777223;121,073203934383;0,08119124;257,93510;219,41310;182,99360;108,27620;80,12142;184,42110;112,99280;112,09340;161,78690
300;0,2683967;449,828948450804;120,732599721726;0,08254838;258,24750;218,81500;183,49970;107,48430;80,33031;184,91650;113,48080;112,66310;158,62920
305;0,2693543;452,229902877908;121,810076184047;0,08386886;254,34600;218,68580;186,31380;107,53990;79,90652;185,23820;113,42020;112,31120;159,12440
310;0,2643439;454,475419513831;120,137830375587;0,08520764;253,93730;218,22550;186,98330;107,23580;79,69379;187,04750;113,94260;111,79450;159,62490
315;0,2588462;456,523518778896;118,169393354496;0,08650976;254,49730;216,86000;187,31400;107,38120;79,48745;188,53190;114,08450;112,42280;157,78870
320;0,2502448;458,248667799092;114,674353478495;0,08773863;251,87600;217,81730;188,14090;107,55500;79,62624;189,52600;114,91590;112,49030;157,46050
325;0,2413954;460,67987753834;111,206023639861;0,08896738;250,78780;218,43090;188,95790;107,79900;79,90153;189,53210;113,71700;111,48430;159,12260
330;0,2386851;462,474597014683;110,385778272958;0,09014112;249,84430;217,72980;189,29520;108,32400;79,83355;189,03720;114,94970;112,33910;155,79390
335;0,2363252;466,055725915525;110,140728921593;0,09133321;247,62670;219,03000;190,60930;108,11880;79,83218;190,68790;114,47320;112,29070;155,62890
340;0,2335122;469,480771726265;109,629507423242;0,092507;247,08810;217,28780;189,12490;107,74130;79,42150;191,33730;115,68260;112,81560;152,79040
345;0,2311353;475,491718665371;109,902920474639;0,09364414;247,12670;217,76990;190,61590;107,47210;79,49125;191,83530;115,37930;112,29970;152,79040
350;0,2237394;481,653359428624;107,764854518422;0,09478116;246,64420;217,44700;190,60960;107,77090;79,35647;192,16450;115,70630;111,87390;151,95910
355;0,2171815;486,363526363045;105,62916213709;0,09586322;244,65650;217,05790;191,77320;107,58080;79,49113;192,49470;116,03750;112,14100;151,12120
360;0,2105295;488,182658933667;102,776861296627;0,09690857;242,14650;217,43800;191,43200;108,99860;79,76283;193,82640;116,37400;111,43880;148,28440
365;0,207708;487,662711016927;101,29143854956;0,09795392;238,73310;216,79820;191,41640;107,73260;80,02833;194,81670;116,16000;111,73100;146,95220
370;0,210786;486,84017515918;102,61910479452;0,09899926;241,25000;217,60150;192,92210;108,04280;79,16177;195,95650;114,42940;111,51500;147,95290
375;0,2147447;490,191697247141;105,266079899737;0,1000814;238,57770;215,78160;195,08440;108,25660;79,03263;197,27450;116,92400;111,06420;148,78450
380;0,216754;491,914984755884;106,624538939859;0,1011634;237,73510;216,71190;193,40570;108,65710;79,30030;198,27390;117,31880;111,08200;148,28380
385;0,2165402;492,30875472246;106,604658540953;0,1022456;237,15890;215,53810;193,08340;108,65400;79,16826;198,27030;115,92590;111,03530;146,44570
390;0,2132142;490,623515975317;104,607927504297;0,1033092;237,83140;216,41720;191,74740;108,37080;78,70773;198,75110;116,26870;111,66870;145,60950
395;0,208563;488,956716791638;101,97827576626;0,1043547;236,11750;216,53430;192,74040;109,14490;79,04192;199,91970;116,67310;110,41940;145,11160
400;0,2009277;489,357903200343;98,3255758933865;0,1053633;237,23910;214,84890;193,41590;108,48250;78,58128;199,41110;116,10530;110,98230;144,61610
405;0,1957293;491,374080274757;96,176286097104;0,1063353;234,61610;215,90790;193,57300;107,82010;78,32926;201,05260;116,56180;111,10900;144,44930
410;0,1909497;492,00981370638;93,9491483487006;0,1072891;235,10830;214,90640;195,56800;108,41150;78,84701;200,40710;116,85750;111,01690;145,27920
415;0,1920527;492,952983033978;94,6729573870302;0,108261;234,95490;215,57770;196,89410;108,39550;78,14539;202,53480;118,24260;110,68920;145,94300
420;0,1953958;494,254451803714;96,5752482502052;0,1092147;235,02740;213,94240;199,23300;109,46400;78,53878;203,53870;117,52100;110,49360;146,44290
425;0,1972084;495,624839913921;97,7413975304405;0,1102235;235,83490;214,26030;201,73530;109,56770;78,16017;204,19290;116,93310;109,82830;148,77480
430;0,195088;496,676700618262;96,8956660204086;0,1111954;235,48830;214,14410;203,22930;109,81950;78,61875;206,67740;116,66190;111,34670;149,11680
435;0,1925315;496,151135374131;95,5247326964114;0,1121491;237,39810;214,09210;203,57260;108,63740;78,67557;205,51900;117,62060;110,48300;150,28250
440;0,1866832;496,02784188124;92,6000857473659;0,1130844;236,53490;214,37570;202,72830;109,64820;78,24304;207,00020;115,87930;111,65870;150,12490
445;0,1852725;497,462766406651;92,1661584433811;0,1140198;237,62520;214,20790;204,56500;109,63960;78,42747;206,17940;116,90860;111,60820;152,78800
450;0,182126;501,854526175251;91,4007735423901;0,1149185;238,34010;213,74300;204,73980;109,09080;78,80350;205,52460;117,14920;111,01780;156,45370
455;0,181177;506,184640274008;91,7089984989733;0,1158355;238,97750;214,56320;203,40680;110,05200;78,36835;206,67610;116,85050;111,52330;156,45130
460;0,1819978;511,410940088502;93,0756560257899;0,1167341;239,14940;214,85180;200,90510;109,62790;78,48588;205,35500;115,84000;111,33270;158,62200
465;0,185358;516,370925381423;95,7134698637331;0,1176695;239,57310;216,56200;197,41010;108,68680;78,79269;202,88280;115,59020;111,27520;161,78470
470;0,1878375;519,428915013985;97,5682331784763;0,1186048;240,26610;216,06290;198,40670;109,01940;78,79627;203,54530;115,70780;111,22590;161,62210
475;0,1906077;522,64973092377;99,6210872084324;0,1195585;240,25680;217,11420;196,06840;109,95650;78,79139;202,22800;114,71030;111,19360;162,61980
480;0,1904795;524,533064276673;99,9127919349761;0,1205122;242,65200;217,18770;194,90870;109,35460;79,04699;201,24270;116,31070;111,23820;162,78710
485;0,1901802;528,102111307721;100,434584958754;0,1214659;243,54060;218,80880;194,57950;108,58190;78,91843;202,22420;115,73590;111,56230;162,78890
490;0,1917193;533,643360305792;102,309708569361;0,1224196;244,08820;217,27680;193,75980;109,09000;78,79138;202,55370;115,04680;111,61210;162,95160
495;0,1961568;537,929897958405;105,518590741884;0,1233916;245,17930;219,86540;191,74710;108,84860;79,56540;200,92260;114,71720;110,88480;165,45520
500;0,198149;539,352395597874;106,872109479516;0,1244003;246,80720;217,78950;192,76740;108,93360;79,11018;200,74740;114,19370;110,90150;166,62040
505;0,1979437;537,647193113561;106,423898087521;0,1253906;248,26820;217,78750;192,76920;109,11620;79,24583;203,39250;115,53930;110,50910;169,11790
510;0,1984653;533,489030001067;105,879061951067;0,1263627;247,45910;218,91400;189,60190;109,11940;78,91622;201,23740;115,18430;110,26600;170,44770
515;0,199859;529,772320526966;105,879751116691;0,1273713;250,37560;219,93580;189,26970;108,93480;78,98055;200,74520;114,87570;111,18850;172,11860
520;0,2028002;527,008884091842;106,877514791626;0,1283984;252,24130;219,76750;188,61460;109,47660;79,04395;200,58080;115,67570;111,64650;174,95560
525;0,2050745;525,423882021636;107,751065547731;0,129407;254,17980;220,48010;188,28450;109,32340;79,23730;198,77230;114,10370;111,13410;176,96090
530;0,2041255;525,19659524217;107,206010897839;0,1304341;259,23990;221,23660;184,97210;108,83550;80,29237;197,14250;114,54220;111,70220;179,12810
535;0,2077935;525,620503031451;109,220516020991;0,1314794;261,45210;221,19520;184,48460;108,62110;80,42929;195,82310;113,84490;112,23460;180,63230
540;0,2136931;524,449447280238;112,071207841269;0,1325249;264,88350;223,47930;183,15640;108,58770;80,56983;194,17430;113,77450;112,85970;181,97090
545;0,2152492;520,727205738273;112,086103005198;0,1336252;266,98680;223,64370;183,82530;108,87810;81,04587;193,69350;113,54360;112,41600;184,80550
550;0,212402;515,002640721016;109,387587468072;0,134689;271,93720;225,22730;181,51310;109,14760;80,57597;193,18750;113,92400;112,72340;186,64170
555;0,208657;507,790916346185;105,9541531298;0,135716;274,02260;225,39360;182,18800;107,96820;80,36911;194,00400;113,50850;112,94620;188,14540
560;0,2054508;503,049645919625;103,351930781524;0,1367431;277,16160;223,02570;185,21020;109,15640;80,63832;194,01270;113,83650;113,58060;189,64650
565;0,2060407;501,47532121271;103,324333600261;0,1377884;279,68430;227,69160;183,53480;108,17000;80,83652;194,50920;113,55940;113,12380;192,98550
570;0,2070753;500,734285860314;103,689691204652;0,1388155;280,20280;226,53090;184,20310;108,35220;80,89247;196,32770;113,43790;113,46880;195,65510
575;0,2065623;502,7298536612;103,84502009646;0,1398425;284,25070;226,86970;184,22260;109,57160;80,83057;195,83650;113,83670;113,08370;198,65590
580;0,2071522;503,520589569681;104,305412906332;0,140888;286,09470;229,01860;181,72060;108,93420;80,70107;194,83900;113,35720;113,80010;199,49230
585;0,2067333;503,898341382359;104,172553429743;0,141915;290,36650;230,29550;178,40010;108,15420;81,22830;195,83850;112,97520;113,60860;200,99220
590;0,2039972;503,456547076381;102,703744572798;0,142942;290,81290;232,52580;174,89490;107,84740;81,30490;194,68410;113,39100;114,45080;200,66290
595;0,1994828;502,089543931452;100,15821405272;0,1439323;292,31310;235,22090;172,38900;108,40390;81,26504;191,54940;113,00490;114,30590;202,99860
600;0,196875;500,570897817433;98,5498862508804;0,1449227;294,27910;236,78560;167,72620;108,33990;80,99361;191,21110;113,23050;114,09810;203,82890
605;0,1958575;501,775685522195;98,2765395371286;0,1458947;297,55550;237,72200;165,56450;108,64330;81,26491;191,54970;113,22530;114,14950;204,65970
610;0,1971742;502,510267773039;99,0820781675801;0,1468851;299,38400;238,93870;164,23810;108,92570;81,61066;191,06250;112,49680;114,80300;203,49650
615;0,1979437;504,703184032544;99,9028402337073;0,1478754;300,53570;241,91160;161,73160;108,76440;82,03249;190,08000;111,80730;115,07500;205,99990
620;0,198072;506,042810533069;100,232913211733;0,1488658;302,87830;240,92750;161,41200;108,77550;81,54362;190,89500;113,20080;114,09550;207,99870
625;0,198072;506,771384617476;100,377221843932;0,1498562;304,64030;241,95640;159,24550;108,41830;82,31708;189,42610;112,87230;114,85630;209,83970
630;0,19944;506,554740283915;101,027287348446;0,1508465;308,43340;242,45760;159,41940;108,40860;81,90261;189,41530;112,07340;114,41930;211,33550
635;0,2001582;506,377209758243;101,355564736172;0,1518552;313,38280;244,57640;156,60050;108,37970;82,02222;190,73600;112,63780;114,54700;213,17330
640;0,197901;505,436678365506;100,026421498742;0,1528456;318,90340;246,02470;155,95020;107,47190;82,11522;188,92160;111,89270;114,79840;215,00600
645;0,1947033;506,042191436559;98,5280591400726;0,1538177;318,63690;248,15570;154,60580;108,58080;82,40107;188,26950;112,32050;114,88770;216,67750
650;0,1918475;508,110923237255;97,4798140291623;0,1547713;321,74660;248,30560;154,27990;108,31540;82,34306;187,44120;112,66360;115,36120;216,01760
655;0,1932925;510,341887846169;98,6452476279991;0,1557433;323,13390;249,00120;153,61700;108,44990;82,07373;186,77630;112,56720;115,40230;218,68550
660;0,1955583;511,39176850666;100,006884990125;0,1567153;326,47390;250,64420;152,62040;107,52340;82,52298;189,25790;111,54770;115,03370;219,84830
665;0,1958062;512,668661889858;100,383709075448;0,1577057;328,19130;251,84220;150,96180;107,60190;82,40078;188,26690;111,07340;115,76620;218,68590
670;0,1961568;513,918806998772;100,808652450875;0,1586777;331,28980;253,84610;148,13180;108,10810;82,87086;189,10210;111,42010;115,28340;220,51700
675;0,1951735;514,724641583814;100,460613100052;0,1596497;331,50680;253,36870;147,46860;107,67970;82,17770;189,41880;111,20860;115,16430;220,51870
680;0,1957207;515,697274599254;100,932637598002;0,1606401;333,25100;255,69500;146,13200;108,00400;81,97124;189,24690;111,12490;115,19720;220,68380
685;0,193643;515,420865566515;99,8076619628345;0,1615938;335,53210;257,05810;145,13750;106,82560;81,79955;192,21270;111,46410;114,99080;220,84960
690;0,1892312;514,589419934256;97,3763615151896;0,1625658;334,08200;257,36120;143,79940;107,50070;82,75618;191,90630;110,57200;115,00330;219,67970
695;0,1893851;516,984771239569;97,9092006136066;0,1634828;334,06210;256,76110;142,96560;107,08240;81,81548;190,89450;111,55090;114,76480;221,51360
700;0,1932925;518,752478871516;100,270954303279;0,1644549;336,81930;258,13430;144,30370;107,56520;81,45307;193,03360;111,59070;115,14230;221,01550
705;0,1978924;518,599190359031;102,626861639536;0,1654635;337,17980;256,35280;144,14990;107,44180;81,31287;193,69190;112,09330;115,11950;223,35060
710;0,202005;518,004170892766;104,639458594144;0,1664539;339,79290;259,11630;143,31610;107,18290;81,79300;192,87520;111,50960;114,90640;222,84840
715;0,1994742;517,516010641249;103,231102590051;0,1674626;340,30810;258,09010;143,65220;107,61670;81,71877;193,36770;111,88630;114,88480;223,34770
720;0,1985423;517,868281387516;102,818737223249;0,1684529;342,88810;257,25920;143,66720;106,72900;81,58189;193,69540;111,17270;115,11050;222,68510
725;0,1995255;518,69211413749;103,492313431333;0,1694433;340,40030;257,36900;144,99240;108,70990;81,45746;192,70820;111,26530;114,66580;225,85270
730;0,200201;517,29607832372;103,563180615199;0,170452;345,99800;257,78020;146,17550;106,45770;82,04636;194,19860;111,55190;115,13170;224,01520
735;0,202082;515,414389890977;104,155971469629;0,1714606;347,15200;255,36890;145,69100;106,71900;81,43502;195,01310;111,75940;115,29070;224,84930
740;0,2014835;514,77095815132;103,717850018008;0,1724694;345,65630;257,72340;145,50540;107,24850;81,83255;195,35280;111,72010;114,75860;224,51450
745;0,2019538;513,539357748411;103,711198984894;0,1734781;349,54320;257,56540;144,69290;107,22800;82,17690;194,53420;110,88560;114,95150;223,68060
750;0,203792;510,946742699299;104,126872951766;0,1744868;347,90680;257,78420;146,18330;107,40910;81,77871;194,19680;110,92750;114,61930;223,17740
755;0,2020307;508,580382161982;102,748854087745;0,1755138;349,23980;258,03270;145,35610;107,93900;81,68565;196,67280;111,13240;114,40990;221,50990
760;0,198072;507,983982890991;100,617404315308;0,1765042;344,52890;258,57970;144,34360;107,80870;81,06767;199,46460;112,01560;114,54670;221,01240
765;0,1942415;507,679868931145;98,6125221067158;0,1774579;344,53550;256,38230;146,52210;106,96070;81,51360;200,62630;111,34180;114,60250;220,67200
770;0,1921382;508,088307097705;97,6231775696081;0,1784299;342,48180;254,97390;146,85310;107,44130;81,18289;201,44690;111,30200;114,05960;220,33470
775;0,1936345;509,344301608913;98,6266191749689;0,1794019;341,62310;257,72360;146,67080;108,04400;81,03856;203,75850;111,38480;113,85790;219,33670
780;0,1959858;511,470444104023;100,240926526276;0,180374;338,28420;254,04870;147,84250;108,71850;80,65434;203,75140;111,42430;114,06950;218,00320
785;0,198072;514,723349297083;101,952281964006;0,1813643;339,72820;257,79750;145,00050;108,53210;80,59332;203,25560;110,78000;113,78040;217,16960
790;0,2002865;517,343894375233;103,616986076482;0,182373;341,01740;257,63280;144,17660;108,10250;80,20203;204,89380;111,07490;113,89080;215,33330
795;0,202424;517,346919483898;104,723436739157;0,1833817;336,97540;255,37300;144,51240;108,10020;79,75535;207,03010;111,50980;113,76840;215,32860
800;0,203108;517,123717447478;105,031973180966;0,1843904;333,79990;255,12680;145,32580;108,42270;79,88032;207,69340;111,90190;113,33190;214,99330
805;0,2031422;518,2702174862;105,282562653798;0,1854174;332,53100;254,07890;146,16260;108,42260;80,18913;209,84710;111,37590;113,58310;212,65990
810;0,2030225;520,719355458196;105,717754577319;0,1864261;328,43920;254,16350;147,98250;109,19100;80,00049;211,33100;111,77680;112,77040;212,31580
815;0,2017827;525,076243692864;105,951326759433;0,1874349;327,31170;253,49490;146,48400;108,19840;79,13786;211,96930;111,46040;113,46640;209,15370
820;0,2009705;529,37876527712;106,389507155279;0,1884435;326,03310;251,43490;146,48430;108,70510;79,38541;213,95500;112,13590;112,78230;208,31100
825;0,2026378;533,050057951789;108,01607111323;0,1894522;325,82420;251,52110;147,15380;109,35430;79,14256;213,95290;112,26940;112,76190;207,65150
830;0,205237;535,549890918597;109,914653483135;0,1904793;322,82110;249,89570;148,81450;108,42270;79,38668;214,94490;112,27580;112,85000;205,14830
835;0,2082637;536,848854949686;111,806150689146;0,1915247;321,09160;249,40960;148,15250;108,21440;78,84218;215,75460;112,19190;112,38820;203,64050
840;0,2133425;537,067965895561;114,579426489646;0,1925883;320,46500;248,25590;149,32180;108,90950;79,63123;215,28520;112,19320;112,53060;201,97810
845;0,218122;535,240527893724;116,747744450966;0,1936705;319,94310;248,07050;150,15260;108,99850;79,14722;215,93300;112,89400;112,21040;201,13670
850;0,2200287;535,133361782772;117,744693871546;0,1947891;316,56200;245,95010;152,64740;108,64700;79,32659;215,76820;111,21780;112,41240;199,13910
855;0,2218328;536,953801404955;119,113946038033;0,1958895;314,68690;243,93770;154,15400;109,86160;78,72854;216,75200;112,58020;111,93650;198,80110
860;0,2225595;540,13817613029;120,212895519724;0,19699;313,32340;241,30490;156,32530;108,78820;79,03428;218,90000;111,68540;112,48440;198,30530
865;0,2234402;543,498976853264;121,439514360274;0,1981271;311,88610;241,53540;157,64810;108,94070;78,74375;220,70910;112,91320;111,96760;197,80350
870;0,2255435;543,449715928221;122,571561197896;0,1992458;308,37230;239,99580;159,14060;109,21610;78,86835;222,69230;113,29820;111,41050;197,13430
875;0,2275015;542,020387749688;123,310448837664;0,2003829;304,42710;238,73720;159,96870;109,23220;78,81377;223,51810;113,26710;111,33610;195,13090
880;0,2316825;542,184194859345;125,614592275445;0,2015383;303,58370;238,46790;157,63010;109,17440;78,98521;222,36620;113,23200;111,19170;193,95370
885;0,2376932;543,178075971689;129,109758115339;0,2027304;299,66110;236,56580;158,12690;108,80090;78,70281;224,83520;112,37510;111,08860;191,28600
890;0,241233;545,552455206234;131,605251981442;0,2039408;295,94600;236,96950;160,11080;109,30840;78,65079;226,31960;112,95590;110,97660;191,95450
895;0,2430285;547,605822531729;133,083832046831;0,2051513;294,61360;235,88360;162,11030;109,76350;78,30799;226,64470;113,36570;110,67280;189,61750
900;0,2457988;548,900615503407;134,919087706123;0,20638;291,70630;233,78490;162,76360;109,05140;78,60181;228,13390;113,96350;111,25590;188,62200
905;0,2503645;549,600212328607;137,600391377384;0,2076272;289,73030;234,25540;161,92710;108,61300;78,43248;228,62300;113,82240;110,51780;188,44770
910;0,2542805;547,596760876701;139,243162020482;0,2089109;287,10710;233,04220;162,75340;108,79420;78,21268;229,93880;114,27200;110,29220;188,11660
915;0,2579143;544,732653549014;140,494325044003;0,2101947;287,38830;232,80200;162,92130;109,65720;77,88770;231,91410;114,18660;111,17530;186,62230
920;0,2625228;542,700747593993;142,471311329797;0,2114969;285,09450;232,54230;162,58430;109,11200;78,11571;232,25010;113,85180;110,01860;185,94610
925;0,2655837;544,52105866997;144,615931083157;0,2128357;282,22670;232,57590;163,57070;108,74310;78,16777;231,75340;114,53560;109,79840;187,27820
930;0,2660967;547,943265898076;145,805909521728;0,2141746;282,50700;230,80890;165,07310;109,48740;77,85033;234,38780;114,40780;110,59670;185,44750
935;0,2669175;552,23975902706;147,402475240664;0,215495;280,51200;231,73060;163,90140;109,00480;78,24963;235,88370;114,21460;110,46890;184,94480
940;0,2686618;554,376074549344;148,939652979474;0,2168339;281,35650;230,66060;164,41140;109,65170;77,93257;237,85870;114,15850;110,31390;185,44460
945;0,2747067;554,803411980606;152,408212052555;0,2182277;279,97400;230,72450;165,89550;109,22770;78,37023;237,54000;113,95250;110,40000;185,77980
950;0,2828721;554,497049475965;156,851722628178;0,2196215;277,20490;231,02440;167,21350;108,84820;78,20979;238,35880;114,74990;110,62540;186,11190
955;0,2878482;555,480328758986;159,894029978033;0,2210704;279,11730;232,62910;165,05600;109,38840;77,72047;238,84140;114,01640;110,76730;184,44840
960;0,2922002;556,009691307474;162,46616791502;0,2225376;276,80420;231,96230;163,72090;108,90230;78,59745;239,52310;114,79040;110,70870;186,45580
965;0,2963471;556,994498417551;165,063676695082;0,2240048;276,46870;232,74240;161,88150;109,07800;78,01215;241,65250;113,70940;110,46960;184,94740
970;0,2990232;557,04577821629;166,569629892933;0,2255087;277,62230;233,22360;161,54750;108,97520;77,90942;242,31080;113,35420;110,51290;185,11630
975;0,3006478;556,242658513449;167,233107934592;0,2270125;276,10130;234,14760;159,37500;108,20140;78,17326;241,48960;113,89930;109,82240;186,27830
980;0,3033752;555,685062671593;168,581092634165;0,2285348;276,07340;235,63430;158,36940;108,60810;78,07613;243,13900;113,89570;110,52810;186,28130
985;0,3089756;556,308393957779;171,885704273086;0,2300569;272,61020;234,38640;154,86960;108,51990;77,85640;242,47240;114,36200;110,36860;185,11650
990;0,3147554;556,484836949713;175,156631853777;0,2316526;273,52170;236,58380;154,69540;108,67520;78,02027;242,97040;114,36750;109,65920;185,10850
995;0,3220572;556,379085498897;179,185917002058;0,2332665;271,78710;236,97960;155,68270;108,61990;77,81415;243,95760;114,78110;110,21850;187,28320
1000;0,3283843;558,67461533329;183,459989911959;0,2348804;271,76310;236,71700;155,35110;108,75490;77,75195;242,80160;113,43020;109,77760;188,28220
1005;0,3316419;560,692811472892;185,949244128749;0,2365677;272,37910;235,82220;155,69020;108,60180;77,71761;245,27530;113,66110;110,06360;189,94710
1010;0,3360965;562,610790734943;189,091535592834;0,2382367;276,53980;237,48800;154,36590;108,56120;78,03466;244,95360;114,62780;110,40910;190,78440
1015;0,337627;563,356344339097;190,204313866585;0,2399239;275,59750;236,82220;153,53150;108,06820;78,08645;244,78770;114,11520;111,09680;192,45450
1020;0,340098;561,002408470524;190,795791311044;0,2416295;275,63770;236,33210;154,87110;108,69540;78,36040;245,95490;113,61440;110,95950;194,12450
1025;0,3477418;558,680459021918;194,276548579724;0,2433535;278,04710;239,69500;153,19090;108,36190;78,57339;246,28840;113,66870;110,98190;198,13420
1030;0,3520767;556,303475005467;195,861494941987;0,2451324;277,98250;238,63710;150,86310;107,62340;78,99255;244,97470;113,34290;111,62290;197,46530
1035;0,3566938;554,83419425033;197,905903294472;0,2469115;278,57910;239,84210;149,86440;108,84640;78,58403;248,60220;113,43230;111,24790;198,13470
1040;0,3586175;554,555439266375;198,873308582396;0,2486904;278,81990;242,88330;146,02730;108,19430;78,84165;247,12190;112,44530;111,57050;197,79730
1045;0,3586004;555,642129418101;199,253512556776;0,2505061;278,80610;243,88150;144,68740;107,98950;78,57357;246,28780;112,95590;111,57780;198,96730
1050;0,3622855;555,953431795602;201,413886874422;0,2523034;279,77830;244,16280;144,52070;108,13370;78,99615;245,96860;112,90500;111,82650;199,46840
1055;0,367142;556,70143493895;204,388477945393;0,2541374;279,76040;245,03960;143,52170;107,97670;78,72959;245,46700;112,94340;111,50390;201,46300
1060;0,3763932;555,76174961887;209,184956971788;0,2560264;280,06740;247,75520;140,01080;108,34880;78,51672;245,46180;113,44190;111,51150;202,63300
1065;0,387363;554,697744567304;214,869397689683;0,2579521;279,75580;247,98550;140,83830;107,42200;78,78390;246,28850;113,34230;111,35310;203,63470
1070;0,3926812;552,091253743209;216,795859661412;0,2599328;281,08230;249,37000;141,50810;107,70390;78,68214;246,95020;112,18970;111,99090;205,30870
1075;0,3949555;549,159735469033;216,893689426067;0,2618952;281,10250;250,21230;141,49850;108,00180;78,84047;247,11880;112,64120;112,04950;206,13940
1080;0,3917493;548,262565243675;214,78145572229;0,2638576;282,09470;251,27880;139,00280;107,75230;78,78281;245,95940;112,18870;111,47330;206,97480
1085;0,3911935;547,480142716522;214,17066834229;0,26582;284,79720;252,75700;138,67240;107,69890;78,47009;246,94300;112,58790;112,02430;208,30580
1090;0,3927411;546,964683318274;214,815486465344;0,267764;286,62840;255,51970;134,83710;108,06340;79,15572;246,13800;112,36220;111,70520;209,14160
1095;0,3985209;547,900120017238;218,349664788444;0,2697815;286,67440;257,43970;133,83150;107,55060;79,04599;245,14050;113,28790;112,21110;210,30990
1100;0,4049848;546,315170632767;221,249343489611;0,2717806;288,85370;259,34530;132,17020;107,31720;79,04488;244,80910;112,70120;112,41220;211,81990
1105;0,4095249;543,949771987204;222,760983550209;0,2738529;289,00840;260,52900;129,50030;107,54870;79,30930;243,00200;112,25730;112,40080;213,48700
1110;0,4096275;539,883024708356;221,15094602943;0,2758887;293,79610;262,69140;128,66890;107,01830;78,92875;241,17630;111,95000;112,73770;214,48590
1115;0,410645;534,397342055181;219,447592385671;0,2779428;292,04170;263,00270;127,83330;107,95680;78,93253;242,49910;112,33810;112,77400;215,81850
1120;0,4110725;532,135864024871;218,746422902149;0,2799969;294,88020;264,18810;125,01020;106,98540;79,25095;239,53470;112,68300;112,68630;215,98640
1125;0,4139282;533,506686234048;220,833481464735;0,2820692;297,73830;266,67860;123,17860;107,55810;79,03271;239,52980;111,94930;112,16000;218,65270
1130;0,4173825;534,556417020845;223,114483239858;0,28416;298,79520;267,55040;123,68410;107,82940;79,19666;239,37150;111,90570;112,69260;218,31680
1135;0,4211873;535,338115306808;225,477611924122;0,2862508;299,25880;269,12840;123,17830;107,04500;79,19792;240,68740;111,90280;112,74460;219,15760
1140;0,4246672;533,996183924793;226,770662610295;0,2883965;298,96240;271,63620;119,84370;107,28780;79,19534;239,69610;111,47670;112,98560;219,15690
1145;0,4293783;532,398196845534;228,600231021376;0,2905239;303,54240;274,07800;118,34520;108,06640;79,30613;239,70510;111,81550;112,89840;219,32980
1150;0,4323965;529,37880069347;228,901530103896;0,2926881;302,70930;276,85710;118,66870;107,93740;79,08137;237,38470;112,53650;112,49060;220,82400
1155;0,4296604;529,092447516881;227,330095883961;0,2948522;304,46200;275,64200;117,67840;107,80020;79,30357;237,72410;111,47550;113,03620;219,99770
1160;0,4269843;527,58417759108;225,270145700294;0,2969796;305,46350;278,02030;116,67640;108,37790;79,41273;237,72720;110,89240;112,85230;221,99330
1165;0,4242995;526,98251123302;223,598434803727;0,2990888;307,07170;274,70370;118,51490;107,88610;79,79745;236,24940;111,52180;112,96940;221,99400
1170;0,4268902;528,705654182223;225,699276471401;0,3012345;311,15430;277,78450;116,35500;108,06330;79,18857;235,40930;111,22810;113,29020;222,99790
1175;0,4329523;530,696973892661;229,766453564939;0,3033987;310,69060;275,83820;116,52920;108,74590;79,01887;233,92230;111,56980;112,30490;225,66180
1180;0,436663;530,489874111375;231,645297413785;0,3055812;317,09220;277,39820;116,54510;108,05010;79,51944;232,44640;111,81660;112,85300;224,32580
1185;0,440331;529,390813516197;233,107184169322;0,3077819;315,74200;279,51680;114,36660;107,98800;78,84973;233,42060;111,68970;113,05360;224,16370
1190;0,441186;527,211832427171;232,598480380379;0,3099827;319,23290;279,35060;114,88050;107,93980;79,29543;233,09970;111,36260;112,70610;226,49770
1195;0,4406217;523,79409929112;230,795045373762;0,3122019;318,64060;279,40480;114,21040;107,45760;79,18323;232,43750;111,64910;113,02050;226,33260
1200;0,4365433;519,014530446232;226,572320205172;0,314366;322,36120;278,23560;114,05840;107,65640;79,40392;231,11810;111,11430;113,15400;227,00180
1205;0,4333285;512,790423821152;222,206687688996;0,3165484;326,43330;281,61810;112,05950;107,42460;79,23498;231,60750;111,11670;113,20320;227,83510
1210;0,4317638;505,081820381109;218,076048330844;0,3186942;325,84930;281,15300;111,39570;107,98830;79,40385;229,14220;111,11900;112,85730;227,83130
1215;0,4353805;495,891409213026;215,901454662968;0,3208767;329,27190;281,96380;110,23780;107,92120;79,23025;227,98090;110,30040;112,85900;227,83150
1220;0,4369195;485,261916977914;212,020399467925;0,3230591;333,76900;284,22590;108,75100;107,95020;78,82795;227,47600;111,44610;113,00510;227,99840
1225;0,4385782;473,271056366471;207,566382226302;0,3252599;339,30100;284,28340;107,25700;108,17140;79,33920;224,02230;111,08140;112,84220;228,32570
1230;0,4361158;460,024239056072;200,623828623806;0,327424;337,34860;288,48610;103,42080;109,12990;79,75014;221,23230;111,31910;113,05510;225,32640
1235;0,4259924;445,645668144002;189,841684722969;0,3295698;341,78190;292,36360;100,42920;108,49250;79,63143;218,25550;111,23810;112,45360;224,65520
1240;0,4131587;430,267796365492;177,768896389488;0,3316423;341,78190;292,36360;97,43549;108,88360;79,50920;213,63200;111,43850;112,54340;220,48870
1245;0,3986321;414,021092610511;165,042093735567;0,3336046;341,78190;292,36360;93,93748;107,74000;80,07022;206,87030;111,94760;112,52070;218,65400
1250;0,3852939;397,023799101323;152,970853517554;0,335567;341,78190;292,36360;89,77267;107,60770;79,88791;201,08850;111,30010;112,79300;215,31810
1255;0,3795226;379,374658505669;143,981251667444;0,3374377;341,78190;292,36360;87,28358;106,79180;80,43030;194,82350;110,32120;112,00470;210,47020
1260;0,3731527;361,147068052717;134,763018339678;0,3393084;341,78190;292,36360;81,46288;107,34070;80,32117;188,22240;111,01550;112,22180;207,47830
1265;0,3641067;342,3916701884;124,667106253021;0,3411424;341,78190;292,36360;78,29678;108,19180;80,69982;182,45340;111,32240;112,27790;203,13670
1270;0,3485113;323,143963805017;112,619324211975;0,3428664;341,78190;292,36360;73,81567;107,95330;80,73269;176,83960;110,98400;112,41310;199,13790
1275;0,322006;303,44423730768;97,7108487367264;0,3444986;341,78190;292,36360;70,49218;108,33080;80,62299;170,23680;110,87350;112,28450;195,13360
1280;0,2891393;283,369070495713;81,9331345945763;0,3459291;341,78190;292,36360;67,16867;108,48170;81,12394;165,29070;110,79430;112,31840;188,96500
1285;0,25906;263,070894888068;68,1511434431571;0,3472312;341,78190;292,36360;64,65047;108,82660;81,47046;162,65840;110,57340;112,22220;185,12830
1290;0,230836;242,86801629079;56,0626937983483;0,3483684;341,78190;292,36360;61,50238;108,61310;81,24757;160,83770;110,54790;111,89160;180,95680
1295;0,2077422;223,303508021396;46,3895562060024;0,349432;341,78190;292,36360;62,50317;109,34610;81,25450;160,17920;110,89350;112,23100;178,29140
1300;0,1830238;205,277038238764;37,5705813560809;0,3503307;341,78190;292,36360;64,16177;109,01650;81,59852;158,53090;112,04320;112,48090;178,12530
1305;0,157553;190,226279283258;29,9707198281646;0,3511193;341,78190;292,36360;65,50588;108,10660;82,16690;159,03490;111,15060;112,60770;177,45810
1310;0,1262425;180,262675584883;22,7568050471814;0,3517612;341,78190;292,36360;67,35037;109,45430;82,41237;159,21000;111,46370;112,56080;176,12410
1315;0,09720627;178,480752661075;17,3494491903725;0,3522381;341,78190;292,36360;69,02577;108,51970;82,58173;158,88020;111,72470;112,94280;175,29580
1320;0,0642755;189,043416717537;12,1508606733917;0,3525499;341,78190;292,36360;71,19287;109,32580;82,32487;159,36940;110,98420;113,09400;176,46440
1325;0,03211709;217,959526544702;7,00022560068526;0,3527332;341,78190;292,36360;75,19608;109,01680;81,65591;160,68160;111,83140;112,79640;177,62890
1330;0,006488114;272,907890095286;1,77065748832836;0,3527516;341,78190;292,36360;78,69888;108,66810;82,31051;160,36180;111,98290;113,63840;178,63400
1335;-0,004263659;364,003381521283;-1,55198608183197;0,3527332;341,78190;292,36360;81,72678;109,39130;81,95093;162,66700;111,87720;113,65360;180,46860
